{"type": "FeatureCollection", "features": [{"type": "Feature", "properties": {"county": "Isiolo"}, "geometry": {"type": "Polygon", "coordinates": [[[37.5821, 0.4155], [37.6058, 0.3516], [37.5828, 0.3263], [37.5559, 0.3262], [37.5368, 0.2610], [37.4308, 0.2949], [37.4014, 0.2931], [37.4012, 0.2823], [37.3792, 0.2680], [37.3953, 0.2919], [37.3924, 0.3518], [37.3535, 0.4104], [37.3486, 0.4438], [37.3700, 0.5103], [36.8646, 0.5682], [36.8663, 0.5895], [36.9232, 0.6597], [36.9357, 0.7527], [36.9819, 0.7429], [37.0575, 0.7703], [37.0679, 0.7633], [37.0719, 0.7769], [37.1042, 0.7865], [37.1691, 0.7410], [37.2198, 0.7376], [37.2476, 0.7617], [37.2639, 0.7578], [37.3011, 0.7188], [37.3656, 0.5856], [37.3923, 0.5742], [37.4718, 0.5914], [37.5333, 0.5638], [37.6340, 0.5951], [37.6401, 0.6203], [37.6823, 0.6404], [37.6922, 0.6618], [37.7109, 0.6656], [37.7274, 0.6529], [37.7500, 0.6745], [37.8350, 0.6775], [37.8486, 0.7119], [37.8799, 0.7409], [37.9163, 0.7113], [37.9734, 0.7532], [38.0148, 0.8037], [38.0558, 0.7761], [38.0809, 0.7807], [38.0478, 0.8025], [38.0320, 1.0830], [37.9496, 1.1909], [37.9469, 1.2646], [38.3420, 1.5760], [38.3861, 1.7608], [38.9638, 2.0946], [38.9879, 2.0662], [38.9974, 2.0063], [39.0667, 1.9201], [39.1426, 1.8520], [39.2089, 1.7070], [39.3072, 1.6609], [39.3441, 1.6326], [39.3974, 1.5614], [39.4457, 1.5321], [39.2766, 1.4721], [39.4642, 0.9946], [39.3120, 0.9208], [39.2363, 0.8406], [39.1690, 0.7409], [39.1732, 0.7214], [39.1433, 0.6906], [39.1008, 0.6878], [39.0844, 0.6746], [39.0508, 0.6843], [39.0256, 0.6636], [39.0122, 0.6247], [38.9412, 0.6260], [38.9131, 0.5972], [38.8608, 0.5980], [38.7673, 0.5105], [38.7517, 0.5235], [38.7242, 0.5232], [38.7226, 0.5106], [38.6610, 0.5087], [38.6765, 0.4932], [38.7551, 0.1904], [38.7561, 0.1703], [38.7325, 0.1327], [38.7401, 0.0095], [38.7277, -0.0663], [38.6898, -0.0428], [38.6834, -0.0569], [38.6561, -0.0478], [38.6386, -0.0556], [38.6116, -0.0312], [38.5521, -0.0182], [38.5308, -0.0574], [38.4892, -0.0623], [38.4585, -0.0859], [38.4119, -0.0660], [38.4010, -0.0160], [38.3571, 0.0177], [38.3583, 0.0351], [38.3440, 0.0429], [38.3499, 0.0575], [38.3245, 0.0731], [38.3290, 0.0920], [38.3079, 0.1090], [38.2984, 0.1556], [38.2459, 0.2035], [38.1924, 0.2319], [38.1975, 0.3196], [38.1767, 0.3284], [38.0631, 0.6685], [37.8273, 0.5606], [37.5879, 0.4786], [37.5821, 0.4155]]]}}, {"type": "Feature", "properties": {"county": "Migori"}, "geometry": {"type": "MultiPolygon", "coordinates": [[[[34.5265, -0.7581], [34.5417, -0.6960], [34.5610, -0.6659], [34.5977, -0.6505], [34.6372, -0.6638], [34.6425, -0.7062], [34.6294, -0.7332], [34.6211, -0.8432], [34.6094, -0.8578], [34.6182, -0.8736], [34.6293, -0.9675], [34.6423, -0.9691], [34.5909, -1.0190], [34.5937, -1.0438], [34.6189, -1.0771], [34.6149, -1.0896], [34.6337, -1.1392], [34.6271, -1.1581], [34.6550, -1.1787], [34.6536, -1.1884], [34.6720, -1.2002], [34.6733, -1.2126], [34.6885, -1.2127], [34.7308, -1.3889], [34.0934, -1.0292], [34.1093, -1.0210], [34.1002, -1.0028], [34.0798, -1.0038], [34.0576, -1.0163], [34.0542, -1.0271], [34.0533, -1.0124], [34.0407, -1.0024], [34.0821, -1.0000], [34.0805, -0.9760], [34.1039, -0.9977], [34.1361, -1.0113], [34.1231, -0.9770], [34.1379, -0.9691], [34.1297, -0.9550], [34.1389, -0.9209], [34.1624, -0.8940], [34.1773, -0.8852], [34.1874, -0.8942], [34.1914, -0.8896], [34.1869, -0.8501], [34.1707, -0.8420], [34.1511, -0.8520], [34.1502, -0.8367], [34.1098, -0.8050], [34.0974, -0.8098], [34.0830, -0.8017], [34.0995, -0.7844], [34.1420, -0.7813], [34.1534, -0.7676], [34.1691, -0.7740], [34.1784, -0.7611], [34.1940, -0.7658], [34.2034, -0.7539], [34.2484, -0.8098], [34.2863, -0.8278], [34.3217, -0.8680], [34.3378, -0.8549], [34.3702, -0.8570], [34.3725, -0.8477], [34.3830, -0.8491], [34.3941, -0.8336], [34.3909, -0.8168], [34.4660, -0.8688], [34.4775, -0.8322], [34.4983, -0.8131], [34.4809, -0.7976], [34.5105, -0.7699], [34.5045, -0.7643], [34.5265, -0.7581]], [[34.5376, -0.7250], [34.5376, -0.7250], [34.5377, -0.7250], [34.5376, -0.7250]], [[34.6175, -0.8729], [34.6175, -0.8729], [34.6175, -0.8729], [34.6175, -0.8729]], [[34.5782, -0.7397], [34.5781, -0.7389], [34.5782, -0.7396], [34.5782, -0.7397]], [[34.5387, -0.7328], [34.5387, -0.7328], [34.5387, -0.7328], [34.5387, -0.7328]], [[34.3383, -0.9181], [34.3383, -0.9181], [34.3383, -0.9181], [34.3383, -0.9181]]], [[[34.5563, -0.6703], [34.5563, -0.6705], [34.5563, -0.6704], [34.5563, -0.6703]]], [[[34.0577, -1.0303], [34.0575, -1.0310], [34.0572, -1.0306], [34.0577, -1.0303]]], [[[34.0570, -1.0310], [34.0558, -1.0326], [34.0546, -1.0326], [34.0570, -1.0310]]], [[[34.0534, -1.0283], [34.0535, -1.0288], [34.0531, -1.0287], [34.0534, -1.0283]]], [[[34.0520, -1.0270], [34.0528, -1.0279], [34.0523, -1.0280], [34.0520, -1.0270]]], [[[34.0413, -1.0085], [34.0387, -1.0084], [34.0409, -1.0080], [34.0413, -1.0085]]], [[[33.9438, -0.8864], [33.9422, -0.8897], [33.9413, -0.8874], [33.9438, -0.8864]]]]}}, {"type": "Feature", "properties": {"county": "Machakos"}, "geometry": {"type": "Polygon", "coordinates": [[[37.3800, -1.5215], [37.3358, -1.5625], [37.3648, -1.5925], [37.4134, -1.6905], [37.3744, -1.7071], [37.3188, -1.7125], [37.3134, -1.7031], [37.2877, -1.7202], [37.3020, -1.7549], [37.2803, -1.7696], [37.2449, -1.7376], [37.1975, -1.7253], [37.2112, -1.7767], [37.1614, -1.7828], [37.1482, -1.7395], [37.1118, -1.7347], [36.9917, -1.5875], [36.9789, -1.5547], [36.9581, -1.5446], [36.9788, -1.4776], [36.9441, -1.4557], [36.8893, -1.4863], [36.8785, -1.4769], [36.8911, -1.4140], [36.9615, -1.4456], [36.9090, -1.3662], [36.9434, -1.3291], [36.9841, -1.3145], [36.9747, -1.2895], [36.9957, -1.2813], [37.0029, -1.3006], [37.0271, -1.2919], [37.0766, -1.3032], [37.0775, -1.2848], [37.1017, -1.2755], [37.1212, -1.2352], [37.1533, -1.2251], [37.1562, -1.1964], [37.1833, -1.1665], [37.1877, -1.1385], [37.1758, -1.1180], [37.1936, -1.0952], [37.2142, -1.0802], [37.2822, -1.0675], [37.3436, -1.1191], [37.3887, -1.0596], [37.4220, -1.0364], [37.4069, -1.0144], [37.3522, -0.9889], [37.3567, -0.9730], [37.3287, -0.9540], [37.3196, -0.9210], [37.2538, -0.8633], [37.2273, -0.8546], [37.2344, -0.8405], [37.2594, -0.8402], [37.2643, -0.7917], [37.2878, -0.7842], [37.3284, -0.8443], [37.3646, -0.8455], [37.3815, -0.8584], [37.4135, -0.8511], [37.4144, -0.8625], [37.4750, -0.8767], [37.4777, -0.8938], [37.5161, -0.9049], [37.5194, -0.9190], [37.5339, -0.9148], [37.5461, -0.8852], [37.5874, -0.8812], [37.5894, -0.8663], [37.6273, -0.8550], [37.6306, -0.8416], [37.6652, -0.8490], [37.6824, -0.7983], [37.7077, -0.7836], [37.7442, -0.7812], [37.7590, -0.8253], [37.7892, -0.8249], [37.8055, -0.8056], [37.8465, -0.8135], [37.8507, -0.8351], [37.8200, -0.9025], [37.8386, -0.9079], [37.8526, -0.9355], [37.8559, -0.9651], [37.8465, -0.9670], [37.8699, -0.9792], [37.8482, -0.9970], [37.8488, -1.0444], [37.8212, -1.0733], [37.8015, -1.1202], [37.7944, -1.1271], [37.7430, -1.0789], [37.5955, -1.0895], [37.5984, -1.1340], [37.6270, -1.1523], [37.6893, -1.2419], [37.7333, -1.3438], [37.7469, -1.3600], [37.7769, -1.3628], [37.8054, -1.3962], [37.8191, -1.4496], [37.7749, -1.4896], [37.6958, -1.5006], [37.7542, -1.5688], [37.7319, -1.5830], [37.7358, -1.5952], [37.7199, -1.6111], [37.7029, -1.5875], [37.6848, -1.5909], [37.6836, -1.6258], [37.6616, -1.6473], [37.6423, -1.5890], [37.6292, -1.5898], [37.5997, -1.5538], [37.5747, -1.5675], [37.5576, -1.5600], [37.5645, -1.5543], [37.5517, -1.5390], [37.5230, -1.5403], [37.4868, -1.5177], [37.4351, -1.5342], [37.3800, -1.5215]]]}}, {"type": "Feature", "properties": {"county": "Homa Bay"}, "geometry": {"type": "MultiPolygon", "coordinates": [[[[34.5376, -0.7250], [34.5265, -0.7581], [34.5045, -0.7643], [34.5105, -0.7699], [34.4809, -0.7976], [34.4983, -0.8131], [34.4775, -0.8322], [34.4660, -0.8688], [34.3909, -0.8168], [34.3941, -0.8336], [34.3830, -0.8491], [34.3725, -0.8477], [34.3702, -0.8570], [34.3378, -0.8549], [34.3217, -0.8680], [34.2863, -0.8278], [34.2484, -0.8098], [34.2034, -0.7539], [34.1940, -0.7658], [34.1784, -0.7611], [34.1691, -0.7740], [34.1534, -0.7676], [34.1420, -0.7813], [34.0995, -0.7844], [34.0777, -0.8040], [34.0734, -0.7935], [34.0838, -0.7806], [34.0809, -0.7688], [34.0673, -0.7708], [34.0766, -0.7604], [34.0719, -0.7331], [34.0604, -0.7258], [34.0431, -0.7394], [34.0321, -0.7374], [34.0608, -0.7166], [34.0516, -0.7084], [34.0569, -0.6538], [34.0479, -0.6448], [34.0968, -0.6046], [34.0926, -0.5934], [34.0761, -0.5939], [34.0799, -0.5858], [34.0633, -0.5675], [34.0744, -0.5601], [34.0943, -0.5684], [34.1102, -0.5562], [34.1156, -0.5350], [34.1253, -0.5494], [34.1595, -0.5424], [34.1646, -0.4831], [34.2045, -0.4314], [34.2053, -0.4185], [34.1962, -0.4172], [34.1639, -0.4427], [34.1444, -0.4259], [34.1307, -0.4360], [34.1194, -0.4243], [34.1204, -0.4095], [34.1382, -0.4129], [34.1588, -0.3978], [34.1617, -0.3741], [34.2035, -0.3962], [34.2111, -0.3640], [34.2235, -0.3517], [34.2289, -0.3579], [34.2052, -0.4167], [34.2109, -0.4319], [34.2559, -0.4345], [34.2629, -0.4498], [34.2855, -0.4554], [34.2858, -0.4724], [34.3144, -0.4803], [34.3020, -0.4646], [34.3215, -0.4486], [34.3475, -0.4982], [34.3531, -0.4826], [34.3692, -0.4767], [34.3637, -0.4584], [34.3710, -0.4481], [34.4034, -0.4550], [34.4202, -0.4973], [34.4310, -0.4921], [34.4389, -0.5001], [34.4197, -0.5150], [34.4250, -0.5361], [34.4859, -0.5081], [34.4905, -0.4910], [34.5065, -0.4912], [34.5105, -0.4872], [34.5137, -0.4703], [34.4722, -0.4363], [34.4468, -0.3963], [34.4624, -0.3537], [34.5202, -0.3302], [34.5606, -0.3261], [34.5858, -0.3427], [34.6086, -0.3470], [34.6289, -0.3382], [34.6340, -0.3480], [34.6605, -0.3545], [34.7578, -0.3510], [34.7658, -0.3255], [34.7513, -0.3169], [34.7470, -0.3008], [34.7577, -0.2909], [34.7782, -0.2959], [34.7629, -0.3088], [34.7864, -0.3234], [34.7913, -0.3492], [34.8117, -0.3525], [34.8248, -0.3887], [34.8896, -0.4022], [34.9161, -0.3864], [34.9153, -0.4044], [34.9510, -0.4172], [34.9874, -0.4150], [35.0110, -0.3912], [35.0186, -0.3979], [35.0194, -0.4145], [34.9402, -0.4662], [34.7505, -0.5611], [34.7118, -0.5600], [34.7121, -0.5746], [34.6862, -0.6029], [34.6610, -0.6062], [34.6372, -0.6638], [34.5879, -0.6510], [34.5574, -0.6687], [34.5376, -0.7250]], [[34.5563, -0.6703], [34.5563, -0.6704], [34.5563, -0.6705], [34.5563, -0.6703]]], [[[34.5376, -0.7250], [34.5377, -0.7250], [34.5376, -0.7250], [34.5376, -0.7250]]], [[[34.3751, -0.4353], [34.3730, -0.4385], [34.3724, -0.4373], [34.3751, -0.4353]]], [[[34.1911, -0.3458], [34.1947, -0.3537], [34.1900, -0.3621], [34.1860, -0.3598], [34.1911, -0.3458]]], [[[34.0975, -0.4685], [34.0842, -0.4840], [34.0782, -0.4845], [34.0831, -0.4728], [34.0975, -0.4685]]], [[[34.0885, -0.5185], [34.0962, -0.5276], [34.0923, -0.5333], [34.0861, -0.5325], [34.0885, -0.5185]]], [[[34.0297, -0.4225], [34.0602, -0.4512], [34.0701, -0.4727], [34.0604, -0.4849], [34.0005, -0.4960], [33.9865, -0.4812], [33.9462, -0.4718], [33.9586, -0.4642], [33.9508, -0.4517], [33.9620, -0.4526], [33.9663, -0.4405], [33.9826, -0.4500], [34.0297, -0.4225]]], [[[34.0361, -0.7477], [34.0329, -0.7568], [34.0262, -0.7611], [34.0278, -0.7492], [34.0361, -0.7477]]], [[[33.9503, -0.4844], [33.9485, -0.4886], [33.9454, -0.4863], [33.9503, -0.4844]]], [[[33.9297, -0.4582], [33.9361, -0.4554], [33.9322, -0.4593], [33.9297, -0.4582]]]]}}, {"type": "Feature", "properties": {"county": "Vihiga"}, "geometry": {"type": "Polygon", "coordinates": [[[34.7386, 0.1447], [34.7377, 0.1407], [34.7463, 0.1353], [34.7665, 0.1426], [34.7663, 0.1480], [34.7703, 0.1504], [34.7787, 0.1475], [34.7817, 0.1544], [34.7885, 0.1574], [34.7910, 0.1546], [34.7975, 0.1606], [34.8045, 0.1602], [34.8113, 0.1519], [34.8123, 0.1596], [34.8169, 0.1608], [34.8122, 0.1820], [34.8261, 0.1849], [34.8476, 0.1809], [34.8562, 0.1907], [34.8606, 0.1904], [34.8623, 0.1972], [34.8682, 0.1931], [34.8736, 0.1984], [34.8860, 0.1953], [34.8875, 0.2026], [34.8936, 0.2053], [34.9089, 0.1925], [34.9186, 0.1981], [34.9265, 0.1969], [34.9167, 0.1704], [34.9212, 0.1668], [34.9152, 0.1540], [34.8836, 0.1410], [34.8826, 0.1352], [34.8596, 0.1165], [34.8606, 0.0820], [34.8490, 0.0673], [34.8498, 0.0571], [34.8404, 0.0441], [34.8369, 0.0296], [34.8171, 0.0312], [34.8092, 0.0257], [34.8100, 0.0207], [34.7992, 0.0231], [34.7795, 0.0042], [34.7635, -0.0033], [34.7604, 0.0076], [34.7420, 0.0028], [34.7399, -0.0029], [34.7471, -0.0234], [34.7403, -0.0250], [34.7268, -0.0061], [34.7154, -0.0106], [34.7111, -0.0212], [34.6965, -0.0206], [34.6884, -0.0263], [34.6941, -0.0147], [34.6891, -0.0111], [34.6724, -0.0164], [34.6373, -0.0014], [34.6118, -0.0014], [34.6140, 0.0020], [34.6087, 0.0024], [34.6036, 0.0118], [34.5893, -0.0001], [34.5926, -0.0079], [34.5840, -0.0338], [34.5772, -0.0385], [34.5656, -0.0432], [34.5614, -0.0365], [34.5639, -0.0203], [34.5557, -0.0196], [34.5485, -0.0242], [34.5337, -0.0167], [34.5421, -0.0059], [34.5338, 0.0022], [34.5447, 0.0078], [34.5533, 0.0407], [34.5563, 0.0452], [34.5617, 0.0442], [34.5545, 0.0864], [34.5623, 0.0941], [34.5723, 0.0930], [34.5784, 0.1001], [34.5869, 0.1017], [34.5858, 0.1127], [34.6333, 0.1260], [34.6573, 0.1226], [34.6780, 0.1278], [34.6832, 0.1203], [34.6954, 0.1315], [34.6981, 0.1288], [34.7041, 0.1329], [34.7031, 0.1375], [34.7233, 0.1385], [34.7325, 0.1453], [34.7386, 0.1447]], [[34.8022, 0.0726], [34.8024, 0.0729], [34.8024, 0.0730], [34.8022, 0.0726]]]}}, {"type": "Feature", "properties": {"county": "Bungoma"}, "geometry": {"type": "Polygon", "coordinates": [[[34.8438, 0.6643], [34.8330, 0.6236], [34.8000, 0.5973], [34.8106, 0.5842], [34.7651, 0.5621], [34.7280, 0.5095], [34.7021, 0.5053], [34.6900, 0.4845], [34.6762, 0.4824], [34.6785, 0.4706], [34.6666, 0.4585], [34.6435, 0.4487], [34.6278, 0.4621], [34.6173, 0.4418], [34.6050, 0.4494], [34.5925, 0.4433], [34.5902, 0.4183], [34.5799, 0.4530], [34.5510, 0.4688], [34.5313, 0.4414], [34.4965, 0.4565], [34.4851, 0.4823], [34.4406, 0.4615], [34.4182, 0.4738], [34.3905, 0.4666], [34.3872, 0.4928], [34.4094, 0.5029], [34.3685, 0.5590], [34.3771, 0.5768], [34.3705, 0.6025], [34.3841, 0.6396], [34.4182, 0.6574], [34.4046, 0.7222], [34.4326, 0.7244], [34.4346, 0.7388], [34.4249, 0.7641], [34.3993, 0.7529], [34.3932, 0.7574], [34.3835, 0.7709], [34.3616, 0.7742], [34.3857, 0.8009], [34.4137, 0.8076], [34.4068, 0.8259], [34.4150, 0.8398], [34.4472, 0.8608], [34.4516, 0.8998], [34.4797, 0.9349], [34.5034, 1.0676], [34.5271, 1.1036], [34.5751, 1.0991], [34.5799, 1.1470], [34.6172, 1.1018], [34.6625, 1.0807], [34.6516, 1.0535], [34.7401, 0.9371], [34.7981, 0.9131], [34.8013, 0.9036], [34.7872, 0.8887], [34.8111, 0.8243], [34.8093, 0.8044], [34.9344, 0.8518], [34.9423, 0.8685], [35.0202, 0.8853], [35.0137, 0.8605], [35.0256, 0.8510], [35.0316, 0.8205], [35.0643, 0.7954], [35.0644, 0.7600], [35.0447, 0.7589], [35.0413, 0.7465], [35.0331, 0.7510], [35.0222, 0.7410], [35.0128, 0.7519], [35.0009, 0.7415], [34.9777, 0.7545], [34.9489, 0.7505], [34.9259, 0.7319], [34.9307, 0.7061], [34.9107, 0.6839], [34.8639, 0.6824], [34.8438, 0.6643]], [[34.3940, 0.7570], [34.3942, 0.7569], [34.3938, 0.7570], [34.3940, 0.7570]]]}}, {"type": "Feature", "properties": {"county": "Kakamega"}, "geometry": {"type": "MultiPolygon", "coordinates": [[[[34.9535, 0.4217], [34.9561, 0.3688], [34.9493, 0.3514], [34.9380, 0.3577], [34.9426, 0.3224], [34.9795, 0.2386], [34.9572, 0.2388], [34.9439, 0.2060], [34.9306, 0.2060], [34.9266, 0.1969], [34.9089, 0.1925], [34.8936, 0.2053], [34.8860, 0.1953], [34.8623, 0.1972], [34.8476, 0.1809], [34.8122, 0.1820], [34.8113, 0.1519], [34.7975, 0.1606], [34.7463, 0.1353], [34.7381, 0.1473], [34.7031, 0.1375], [34.6832, 0.1203], [34.6780, 0.1278], [34.6197, 0.1236], [34.5858, 0.1127], [34.5869, 0.1017], [34.5580, 0.0888], [34.5589, 0.1061], [34.5445, 0.1116], [34.5555, 0.1263], [34.5458, 0.1361], [34.5262, 0.1225], [34.5135, 0.1255], [34.5090, 0.1149], [34.4980, 0.1208], [34.5039, 0.1129], [34.4946, 0.0988], [34.4745, 0.1004], [34.4793, 0.1131], [34.4565, 0.1280], [34.4835, 0.1361], [34.4823, 0.1487], [34.4678, 0.1551], [34.4346, 0.1430], [34.4254, 0.1488], [34.4419, 0.1633], [34.4262, 0.1834], [34.4360, 0.1993], [34.4515, 0.2044], [34.4435, 0.2159], [34.4042, 0.1846], [34.3849, 0.1777], [34.3924, 0.2051], [34.3839, 0.2263], [34.3978, 0.2309], [34.4016, 0.2597], [34.3893, 0.2723], [34.3952, 0.2864], [34.3726, 0.3058], [34.3979, 0.3429], [34.3977, 0.3583], [34.4229, 0.3702], [34.3791, 0.4028], [34.3619, 0.4029], [34.3442, 0.4217], [34.3657, 0.4393], [34.3689, 0.4544], [34.4058, 0.4739], [34.4375, 0.4611], [34.4851, 0.4823], [34.4965, 0.4565], [34.5313, 0.4414], [34.5510, 0.4688], [34.5775, 0.4553], [34.5902, 0.4183], [34.5925, 0.4433], [34.6050, 0.4494], [34.6173, 0.4418], [34.6272, 0.4619], [34.6334, 0.4506], [34.6575, 0.4528], [34.7007, 0.5042], [34.7280, 0.5095], [34.7651, 0.5621], [34.8108, 0.5845], [34.8000, 0.5973], [34.8330, 0.6236], [34.8329, 0.6445], [34.8592, 0.6788], [34.8932, 0.6886], [34.9104, 0.6837], [34.9283, 0.7003], [34.9227, 0.7234], [34.9308, 0.7397], [34.9777, 0.7545], [35.0007, 0.7415], [35.0128, 0.7519], [35.0246, 0.7412], [35.0328, 0.7510], [35.0415, 0.7466], [35.0447, 0.7589], [35.0644, 0.7600], [35.0643, 0.7954], [35.0316, 0.8205], [35.0256, 0.8510], [35.0137, 0.8609], [35.0250, 0.8936], [35.0758, 0.8970], [35.1013, 0.8724], [35.1145, 0.8799], [35.1253, 0.8167], [35.1293, 0.8282], [35.1457, 0.8257], [35.1447, 0.7380], [35.1562, 0.7387], [35.1558, 0.6599], [35.1249, 0.6520], [35.1168, 0.6396], [35.1041, 0.6449], [35.0870, 0.6276], [35.0402, 0.6385], [35.0278, 0.6114], [35.0010, 0.6363], [34.9659, 0.6081], [34.9441, 0.6057], [34.9207, 0.5896], [34.8908, 0.6051], [34.8981, 0.5983], [34.8529, 0.5452], [34.9070, 0.5040], [34.9535, 0.4217]]], [[[35.1144, 0.8805], [35.1144, 0.8807], [35.1144, 0.8804], [35.1144, 0.8805]]]]}}, {"type": "Feature", "properties": {"county": "Mombasa"}, "geometry": {"type": "MultiPolygon", "coordinates": [[[[39.7274, -4.0087], [39.7310, -4.0203], [39.7144, -4.0382], [39.7033, -4.0578], [39.6956, -4.0626], [39.6855, -4.0637], [39.6812, -4.0553], [39.6814, -4.0438], [39.6734, -4.0426], [39.6771, -4.0393], [39.6777, -4.0340], [39.6751, -4.0308], [39.6723, -4.0327], [39.6700, -4.0251], [39.6753, -4.0232], [39.6754, -4.0160], [39.6732, -4.0173], [39.6737, -4.0232], [39.6669, -4.0251], [39.6605, -4.0207], [39.6601, -4.0139], [39.6692, -4.0106], [39.6708, -4.0065], [39.6651, -3.9954], [39.6700, -3.9917], [39.6668, -3.9876], [39.6672, -3.9812], [39.6647, -3.9833], [39.6640, -3.9792], [39.6613, -3.9793], [39.6594, -3.9760], [39.6633, -3.9672], [39.6589, -3.9646], [39.6633, -3.9520], [39.6602, -3.9487], [39.6561, -3.9462], [39.6617, -3.9531], [39.6593, -3.9621], [39.6527, -3.9615], [39.6463, -3.9553], [39.6495, -3.9474], [39.6494, -3.9390], [39.6452, -3.9374], [39.6449, -3.9330], [39.6415, -3.9315], [39.6427, -3.9289], [39.6718, -3.9225], [39.6878, -3.9276], [39.6919, -3.9249], [39.6978, -3.9287], [39.6966, -3.9335], [39.6937, -3.9348], [39.6965, -3.9358], [39.6991, -3.9462], [39.7073, -3.9498], [39.6991, -3.9534], [39.6968, -3.9504], [39.6910, -3.9509], [39.6902, -3.9523], [39.6986, -3.9551], [39.7025, -3.9533], [39.6994, -3.9587], [39.7048, -3.9516], [39.7091, -3.9573], [39.7108, -3.9511], [39.7158, -3.9551], [39.7274, -3.9569], [39.7361, -3.9517], [39.7453, -3.9584], [39.7618, -3.9602], [39.7636, -3.9640], [39.7546, -3.9693], [39.7370, -3.9905], [39.7316, -3.9999], [39.7329, -4.0044], [39.7274, -4.0087]]], [[[39.6704, -4.0406], [39.6736, -4.0471], [39.6782, -4.0468], [39.6751, -4.0546], [39.6803, -4.0596], [39.6826, -4.0710], [39.6756, -4.0744], [39.6732, -4.0787], [39.6687, -4.0795], [39.6624, -4.0745], [39.6632, -4.0680], [39.6605, -4.0729], [39.6574, -4.0703], [39.6579, -4.0665], [39.6558, -4.0678], [39.6529, -4.0627], [39.6478, -4.0609], [39.6469, -4.0505], [39.6417, -4.0443], [39.6411, -4.0396], [39.6433, -4.0375], [39.6488, -4.0386], [39.6531, -4.0337], [39.6627, -4.0300], [39.6754, -4.0360], [39.6704, -4.0406]]], [[[39.6365, -4.1207], [39.6128, -4.0945], [39.6057, -4.1016], [39.5901, -4.1022], [39.5892, -4.0950], [39.5849, -4.0913], [39.5888, -4.0812], [39.5871, -4.0772], [39.5910, -4.0764], [39.5957, -4.0690], [39.5930, -4.0649], [39.6025, -4.0634], [39.6064, -4.0650], [39.6076, -4.0630], [39.6137, -4.0668], [39.6172, -4.0648], [39.6211, -4.0661], [39.6168, -4.0615], [39.6199, -4.0598], [39.6298, -4.0635], [39.6377, -4.0587], [39.6380, -4.0504], [39.6422, -4.0696], [39.6495, -4.0761], [39.6436, -4.0863], [39.6531, -4.0744], [39.6611, -4.0816], [39.6743, -4.0835], [39.6747, -4.0930], [39.6633, -4.1155], [39.6450, -4.1173], [39.6365, -4.1207]]], [[[39.6301, -3.9917], [39.6353, -3.9923], [39.6384, -3.9962], [39.6360, -4.0002], [39.6376, -4.0109], [39.6409, -4.0160], [39.6410, -4.0275], [39.6429, -4.0263], [39.6451, -4.0298], [39.6510, -4.0289], [39.6476, -4.0371], [39.6431, -4.0328], [39.6382, -4.0332], [39.6363, -4.0367], [39.6401, -4.0404], [39.6392, -4.0426], [39.6307, -4.0427], [39.6252, -4.0463], [39.6164, -4.0421], [39.5849, -4.0447], [39.5870, -4.0309], [39.5689, -4.0223], [39.5666, -4.0163], [39.5703, -3.9940], [39.5865, -3.9695], [39.6029, -3.9551], [39.6096, -3.9579], [39.6109, -3.9620], [39.6216, -3.9581], [39.6223, -3.9627], [39.6293, -3.9659], [39.6412, -3.9598], [39.6554, -3.9631], [39.6565, -3.9776], [39.6631, -3.9919], [39.6616, -3.9959], [39.6491, -3.9889], [39.6489, -3.9824], [39.6457, -3.9793], [39.6386, -3.9773], [39.6385, -3.9803], [39.6300, -3.9848], [39.6176, -3.9787], [39.6151, -3.9703], [39.6207, -3.9619], [39.6144, -3.9621], [39.6124, -3.9643], [39.6163, -3.9645], [39.6129, -3.9664], [39.6106, -3.9637], [39.6077, -3.9656], [39.6081, -3.9610], [39.6057, -3.9615], [39.6037, -3.9696], [39.6098, -3.9687], [39.6094, -3.9806], [39.5933, -3.9892], [39.5912, -3.9928], [39.6124, -3.9824], [39.6128, -3.9872], [39.6159, -3.9869], [39.6168, -3.9908], [39.6254, -3.9957], [39.6301, -3.9917]]]]}}, {"type": "Feature", "properties": {"county": "Kericho"}, "geometry": {"type": "Polygon", "coordinates": [[[35.4717, 0.0171], [35.4581, 0.0079], [35.4870, 0.0128], [35.5140, 0.0054], [35.5237, 0.0134], [35.5445, -0.0094], [35.5840, -0.0088], [35.6117, -0.0337], [35.6343, -0.0380], [35.6419, -0.0622], [35.6164, -0.0855], [35.6243, -0.1045], [35.5974, -0.1302], [35.6112, -0.1606], [35.6426, -0.1522], [35.6552, -0.1666], [35.6704, -0.1649], [35.6662, -0.1867], [35.6743, -0.1901], [35.6565, -0.2076], [35.6495, -0.2707], [35.6326, -0.2778], [35.6320, -0.2889], [35.6211, -0.2952], [35.6056, -0.2948], [35.5934, -0.2786], [35.5819, -0.3100], [35.5703, -0.3051], [35.5718, -0.2825], [35.5301, -0.2614], [35.5258, -0.2716], [35.4713, -0.2786], [35.4145, -0.3038], [35.4518, -0.3649], [35.4125, -0.4059], [35.4036, -0.4005], [35.3344, -0.4060], [35.3039, -0.4275], [35.2781, -0.4192], [35.2617, -0.4262], [35.2330, -0.4236], [35.2087, -0.4687], [35.2214, -0.4765], [35.1821, -0.4848], [35.1781, -0.4976], [35.1938, -0.5101], [35.1907, -0.5231], [35.2071, -0.5502], [35.1968, -0.5779], [35.2239, -0.5978], [35.2322, -0.6153], [35.1790, -0.6581], [35.1329, -0.6605], [35.1175, -0.6714], [35.1159, -0.6586], [35.0837, -0.6744], [35.0784, -0.6552], [35.0885, -0.6263], [35.0852, -0.5999], [35.0772, -0.5965], [35.0638, -0.6127], [35.0600, -0.6164], [35.0579, -0.6159], [35.0625, -0.6037], [35.0480, -0.5726], [35.0485, -0.5231], [35.0574, -0.5084], [35.0509, -0.4991], [35.0335, -0.4985], [35.0459, -0.4473], [35.0342, -0.4221], [35.0207, -0.4142], [35.0045, -0.3521], [35.0084, -0.3329], [35.0510, -0.2983], [35.0641, -0.2182], [35.1041, -0.2022], [35.1313, -0.1554], [35.1566, -0.1669], [35.1849, -0.1662], [35.1866, -0.1601], [35.2051, -0.1666], [35.2163, -0.1758], [35.2188, -0.1949], [35.2468, -0.2030], [35.2698, -0.2383], [35.3005, -0.2389], [35.3166, -0.2505], [35.3428, -0.2410], [35.3312, -0.1772], [35.2966, -0.1768], [35.2907, -0.1663], [35.2817, -0.1670], [35.2789, -0.1455], [35.2719, -0.1537], [35.2545, -0.1209], [35.2357, -0.1206], [35.2271, -0.1064], [35.2794, -0.0993], [35.3086, -0.0861], [35.3398, -0.1081], [35.3729, -0.1098], [35.4248, -0.0786], [35.4055, -0.0249], [35.4144, 0.0023], [35.4670, 0.0251], [35.4717, 0.0171]]]}}, {"type": "Feature", "properties": {"county": "Tana River"}, "geometry": {"type": "Polygon", "coordinates": [[[40.0504, -1.3185], [40.1706, -1.7269], [40.1586, -1.7611], [40.1621, -1.8238], [40.1865, -1.8680], [40.1858, -1.9594], [40.2139, -2.0381], [40.2485, -2.2369], [40.2500, -2.3971], [40.3489, -2.3987], [40.3699, -2.4232], [40.4064, -2.4302], [40.4423, -2.3995], [40.6674, -2.4671], [40.7475, -2.4584], [40.6107, -2.5602], [40.5098, -2.5191], [40.5254, -2.5181], [40.5279, -2.5041], [40.5080, -2.5025], [40.5037, -2.4886], [40.4948, -2.5036], [40.4908, -2.4856], [40.4910, -2.4951], [40.4808, -2.4880], [40.4841, -2.5025], [40.4652, -2.5032], [40.4750, -2.5108], [40.4616, -2.5094], [40.4460, -2.5382], [40.4941, -2.5215], [40.5236, -2.5332], [40.4373, -2.5476], [40.3466, -2.5926], [40.3909, -2.5658], [40.3770, -2.5630], [40.3691, -2.5386], [40.3773, -2.5352], [40.3625, -2.5295], [40.3619, -2.5484], [40.3404, -2.5619], [40.3512, -2.5772], [40.3433, -2.5914], [40.2431, -2.6706], [40.1954, -2.7397], [39.8929, -2.3090], [39.2211, -3.0702], [39.1766, -3.0596], [39.1650, -3.0684], [39.1526, -3.0473], [39.1347, -3.0444], [39.1297, -3.0222], [39.0871, -3.0557], [39.0647, -3.0438], [38.6249, -2.4268], [38.6881, -2.4270], [38.7405, -2.3789], [38.7883, -2.3679], [38.8001, -2.3540], [39.0171, -1.9167], [38.9601, -1.7063], [39.0013, -1.6823], [38.9627, -1.0515], [38.8111, -0.7361], [38.4206, -0.0719], [38.4563, -0.0862], [38.4894, -0.0622], [38.5201, -0.0647], [38.5537, -0.0182], [38.6116, -0.0312], [38.6387, -0.0556], [38.6560, -0.0478], [38.6834, -0.0569], [38.6902, -0.0429], [38.7366, -0.0733], [38.7702, -0.0733], [38.8315, -0.0989], [38.8936, -0.1000], [38.9178, -0.0878], [38.9391, -0.1045], [38.9835, -0.0857], [38.9796, -0.0656], [39.0229, -0.0435], [39.0382, -0.0566], [39.0708, -0.0547], [39.1236, -0.1246], [39.1367, -0.1237], [39.1395, -0.1401], [39.1590, -0.1300], [39.1967, -0.1448], [39.2221, -0.1319], [39.2609, -0.1479], [39.3195, -0.1403], [39.3307, -0.1646], [39.3457, -0.1723], [39.3566, -0.1620], [39.3879, -0.1957], [39.4249, -0.1916], [39.4585, -0.2149], [39.4797, -0.2483], [39.5015, -0.2543], [39.5195, -0.2838], [39.5146, -0.3033], [39.5436, -0.2950], [39.5591, -0.3177], [39.5529, -0.3259], [39.5810, -0.3505], [39.5909, -0.3467], [39.5992, -0.3980], [39.6173, -0.4150], [39.6102, -0.4452], [39.6357, -0.4647], [39.6383, -0.5137], [39.6940, -0.4953], [39.7235, -0.5275], [39.7267, -0.5479], [39.7599, -0.5500], [39.8182, -0.5943], [39.8219, -0.6295], [39.8677, -0.7337], [39.8641, -0.7623], [39.9029, -0.8358], [39.9045, -0.8956], [39.9385, -0.9659], [39.9358, -1.0066], [40.0580, -1.2527], [40.0504, -1.3185]]]}}, {"type": "Feature", "properties": {"county": "Lamu"}, "geometry": {"type": "MultiPolygon", "coordinates": [[[[41.5712, -1.6529], [41.3928, -1.8597], [41.3825, -1.8523], [41.3710, -1.8575], [41.3945, -1.8632], [41.3315, -1.9276], [41.3164, -1.9599], [41.2851, -1.9555], [41.2844, -1.9368], [41.2674, -1.9311], [41.2520, -1.9505], [41.2398, -1.9480], [41.2562, -1.9066], [41.2411, -1.9168], [41.2391, -1.8982], [41.2226, -1.9088], [41.2296, -1.8854], [41.1216, -1.9712], [41.1160, -1.9596], [41.0689, -1.9779], [41.0175, -2.0474], [41.0081, -2.0306], [40.9924, -2.0398], [40.9827, -2.0201], [40.9964, -1.9576], [40.9854, -1.9460], [41.0544, -1.8753], [41.0431, -1.8648], [41.0238, -1.8914], [41.0057, -1.8852], [40.9955, -1.9107], [40.9823, -1.9045], [40.9908, -1.9251], [40.9786, -1.9202], [40.9629, -1.9451], [40.9741, -1.9614], [40.9506, -2.0317], [40.9629, -2.0673], [40.9517, -2.0669], [40.9545, -2.0787], [40.9196, -2.0331], [40.9373, -2.0124], [40.9212, -2.0117], [40.9175, -1.9923], [40.8995, -1.9916], [40.9044, -1.9837], [40.8961, -1.9840], [40.8974, -1.9914], [40.8888, -1.9928], [40.8958, -1.9884], [40.8746, -1.9835], [40.8746, -1.9500], [40.8660, -1.9721], [40.8539, -1.9691], [40.8413, -1.9311], [40.8464, -1.9595], [40.7748, -1.9418], [40.8148, -1.9758], [40.8446, -1.9791], [40.8867, -2.0079], [40.8325, -2.0208], [40.9037, -2.0156], [40.9007, -2.0494], [40.8884, -2.0350], [40.8737, -2.0473], [40.8944, -2.0652], [40.8814, -2.0587], [40.8520, -2.0732], [40.8707, -2.0804], [40.8860, -2.0666], [40.8770, -2.0780], [40.9002, -2.0743], [40.8965, -2.0883], [40.9061, -2.0815], [40.9142, -2.0941], [40.9161, -2.1895], [40.9279, -2.2244], [40.9038, -2.2165], [40.8995, -2.2014], [40.8878, -2.2072], [40.8896, -2.1928], [40.8830, -2.1905], [40.8695, -2.2047], [40.8837, -2.2167], [40.8601, -2.2145], [40.8802, -2.2250], [40.8607, -2.2359], [40.8739, -2.2343], [40.8776, -2.2364], [40.8310, -2.2470], [40.8223, -2.2316], [40.7981, -2.2356], [40.7921, -2.2444], [40.8017, -2.2488], [40.7847, -2.2656], [40.7798, -2.2478], [40.7706, -2.2609], [40.7521, -2.2576], [40.7475, -2.2286], [40.7471, -2.2497], [40.7290, -2.2209], [40.7279, -2.2319], [40.7031, -2.2059], [40.6997, -2.2089], [40.7281, -2.2537], [40.7487, -2.2553], [40.7418, -2.2895], [40.7594, -2.3143], [40.7772, -2.3262], [40.8071, -2.3204], [40.8109, -2.3430], [40.7879, -2.3330], [40.7840, -2.3489], [40.7623, -2.3393], [40.7830, -2.3668], [40.7675, -2.3764], [40.7793, -2.3797], [40.7709, -2.3840], [40.7633, -2.3987], [40.7880, -2.3770], [40.7959, -2.3457], [40.8257, -2.3756], [40.8230, -2.3975], [40.7773, -2.4333], [40.7699, -2.4567], [40.6674, -2.4671], [40.4423, -2.3995], [40.4064, -2.4302], [40.3699, -2.4232], [40.3489, -2.3987], [40.2500, -2.3971], [40.2485, -2.2369], [40.2127, -2.0352], [40.9051, -1.7120], [41.5712, -1.6529]]], [[[41.5191, -1.7453], [41.5111, -1.7560], [41.5001, -1.7669], [41.5047, -1.7530], [41.5191, -1.7453]]], [[[41.5159, -1.7401], [41.5152, -1.7452], [41.5129, -1.7398], [41.5159, -1.7401]]], [[[41.4913, -1.7778], [41.4904, -1.7793], [41.4902, -1.7776], [41.4913, -1.7778]]], [[[41.4907, -1.7803], [41.4894, -1.7829], [41.4902, -1.7803], [41.4907, -1.7803]]], [[[41.4825, -1.7993], [41.4794, -1.8005], [41.4817, -1.7970], [41.4825, -1.7993]]], [[[41.4607, -1.8078], [41.4599, -1.8141], [41.4570, -1.8174], [41.4607, -1.8078]]], [[[41.4564, -1.8192], [41.4550, -1.8210], [41.4555, -1.8181], [41.4564, -1.8192]]], [[[41.4445, -1.8322], [41.4462, -1.8313], [41.4456, -1.8330], [41.4445, -1.8322]]], [[[41.4447, -1.8159], [41.4425, -1.8218], [41.4422, -1.8190], [41.4447, -1.8159]]], [[[41.4433, -1.8331], [41.4374, -1.8421], [41.3867, -1.8861], [41.4161, -1.8494], [41.4433, -1.8331]]], [[[41.4077, -1.8549], [41.3994, -1.8600], [41.4005, -1.8546], [41.4077, -1.8549]]], [[[41.3846, -1.8831], [41.3799, -1.8906], [41.3780, -1.8921], [41.3846, -1.8831]]], [[[41.3659, -1.9072], [41.3521, -1.9204], [41.3659, -1.9038], [41.3659, -1.9072]]], [[[41.3424, -1.9207], [41.3481, -1.9247], [41.3298, -1.9419], [41.3424, -1.9207]]], [[[41.3061, -1.9702], [41.2749, -2.0037], [41.3064, -1.9642], [41.3061, -1.9702]]], [[[41.2847, -1.9478], [41.2779, -1.9506], [41.2821, -1.9452], [41.2847, -1.9478]]], [[[41.2712, -1.9439], [41.2672, -1.9469], [41.2670, -1.9442], [41.2712, -1.9439]]], [[[41.2474, -1.9189], [41.2431, -1.9193], [41.2468, -1.9179], [41.2474, -1.9189]]], [[[41.2362, -1.9086], [41.2329, -1.9037], [41.2388, -1.9040], [41.2362, -1.9086]]], [[[41.2373, -1.9238], [41.2363, -1.9278], [41.2351, -1.9224], [41.2373, -1.9238]]], [[[41.2323, -2.1560], [41.1791, -2.2142], [41.2346, -2.1488], [41.2323, -2.1560]]], [[[41.2291, -1.9125], [41.2265, -1.9172], [41.2253, -1.9150], [41.2291, -1.9125]]], [[[41.2109, -1.9048], [41.2170, -1.9074], [41.2124, -1.9106], [41.2109, -1.9048]]], [[[41.2102, -1.9133], [41.2149, -1.9178], [41.2103, -1.9192], [41.2102, -1.9133]]], [[[41.2138, -1.9248], [41.2132, -1.9295], [41.2102, -1.9293], [41.2138, -1.9248]]], [[[41.2016, -2.0152], [41.2106, -2.0134], [41.2123, -2.0197], [41.2016, -2.0152]]], [[[41.2120, -2.0039], [41.2029, -2.0040], [41.2039, -1.9944], [41.2120, -2.0039]]], [[[41.1912, -1.9684], [41.1854, -1.9748], [41.1900, -1.9684], [41.1912, -1.9684]]], [[[41.1853, -1.9464], [41.1895, -1.9497], [41.1884, -1.9511], [41.1853, -1.9464]]], [[[41.1841, -1.9851], [41.1783, -1.9878], [41.1800, -1.9828], [41.1841, -1.9851]]], [[[41.1526, -1.9577], [41.1799, -1.9643], [41.1470, -1.9681], [41.1526, -1.9577]]], [[[41.1769, -1.9921], [41.1735, -1.9931], [41.1729, -1.9928], [41.1729, -1.9918], [41.1769, -1.9921]]], [[[41.1704, -1.9923], [41.1756, -1.9889], [41.1758, -1.9895], [41.1704, -1.9923]]], [[[41.1701, -1.9834], [41.1722, -1.9848], [41.1714, -1.9861], [41.1701, -1.9834]]], [[[41.1669, -1.9778], [41.1602, -1.9845], [41.1457, -1.9827], [41.1568, -1.9737], [41.1669, -1.9778]]], [[[41.0834, -2.0524], [41.1361, -2.0572], [41.1350, -2.0700], [41.1617, -2.0854], [41.1349, -2.1001], [41.1392, -2.0975], [41.1353, -2.0873], [41.1101, -2.0831], [41.0936, -2.1011], [41.1052, -2.1102], [41.1063, -2.1405], [41.0844, -2.1387], [41.0911, -2.1152], [41.0753, -2.1164], [41.0755, -2.1318], [41.0485, -2.1365], [41.0560, -2.1032], [41.0096, -2.1267], [41.0109, -2.1428], [40.9712, -2.1184], [40.9903, -2.1030], [41.0055, -2.1202], [41.0047, -2.1020], [41.0429, -2.0881], [41.0669, -2.1039], [41.0591, -2.0876], [41.0776, -2.0784], [41.0834, -2.0524]]], [[[41.1317, -2.0942], [41.1328, -2.1057], [41.1507, -2.1170], [41.1248, -2.1105], [41.1317, -2.0942]]], [[[41.0407, -2.1592], [41.0596, -2.1575], [41.0574, -2.1641], [41.0407, -2.1592]]], [[[41.0213, -2.1404], [41.0242, -2.1471], [41.0184, -2.1447], [41.0213, -2.1404]]], [[[40.9718, -2.2244], [40.9925, -2.2619], [40.9581, -2.2906], [40.9303, -2.2837], [40.9044, -2.2244], [40.9398, -2.2403], [40.9337, -2.2587], [40.9412, -2.2648], [40.9479, -2.2331], [40.9668, -2.2438], [40.9548, -2.2531], [40.9616, -2.2616], [40.9748, -2.2536], [40.9718, -2.2244]]], [[[40.9792, -2.1456], [40.9905, -2.1493], [40.9762, -2.1548], [40.9792, -2.1456]]], [[[40.9766, -2.1779], [40.9761, -2.1842], [40.9760, -2.1776], [40.9766, -2.1779]]], [[[40.9765, -2.1985], [40.9700, -2.1902], [40.9748, -2.1869], [40.9771, -2.1899], [40.9765, -2.1985]]], [[[40.9745, -2.0538], [40.9683, -2.0562], [40.9690, -2.0429], [40.9745, -2.0538]]], [[[40.9690, -2.1826], [40.9730, -2.1853], [40.9703, -2.1856], [40.9690, -2.1826]]], [[[40.9418, -2.2949], [40.9615, -2.3071], [40.9450, -2.3208], [40.9177, -2.3191], [40.9255, -2.2943], [40.9254, -2.3056], [40.9418, -2.2949]]], [[[40.9167, -2.2934], [40.8732, -2.2995], [40.8151, -2.3366], [40.8202, -2.2856], [40.8458, -2.2828], [40.8269, -2.2696], [40.8326, -2.2658], [40.8790, -2.2610], [40.8892, -2.2480], [40.9167, -2.2934]]], [[[40.8248, -2.2539], [40.8171, -2.2547], [40.8255, -2.2471], [40.8248, -2.2539]]], [[[40.8124, -2.2379], [40.8187, -2.2402], [40.8108, -2.2412], [40.8124, -2.2379]]], [[[40.8061, -2.2604], [40.7918, -2.2736], [40.8057, -2.2595], [40.8061, -2.2604]]], [[[40.7998, -2.2610], [40.7916, -2.2680], [40.8007, -2.2593], [40.7998, -2.2610]]], [[[40.7939, -2.2938], [40.7981, -2.2907], [40.7984, -2.2926], [40.7939, -2.2938]]], [[[40.7872, -2.2835], [40.7921, -2.2825], [40.7782, -2.2915], [40.7872, -2.2835]]], [[[40.7897, -2.2699], [40.7891, -2.2728], [40.7878, -2.2730], [40.7897, -2.2699]]]]}}, {"type": "Feature", "properties": {"county": "Taita Taveta"}, "geometry": {"type": "Polygon", "coordinates": [[[38.9703, -3.6366], [38.9335, -3.6979], [39.0330, -3.7580], [38.9471, -3.9628], [38.4466, -4.1401], [37.7857, -3.6766], [37.7481, -3.5458], [37.6955, -3.5287], [37.6720, -3.5059], [37.6042, -3.5241], [37.6034, -3.5065], [37.6350, -3.4806], [37.6272, -3.4591], [37.5960, -3.4603], [37.5971, -3.4379], [37.6702, -3.3567], [37.6856, -3.3548], [37.6905, -3.3212], [37.7154, -3.3106], [37.6965, -3.1805], [37.8050, -3.1696], [37.8337, -3.1891], [37.8541, -3.1819], [37.8548, -3.0821], [37.8712, -3.0806], [37.8956, -2.8874], [37.9185, -2.8707], [37.9385, -2.7736], [37.9752, -2.7898], [38.1297, -2.7004], [38.1539, -2.7006], [38.1628, -2.6817], [38.1656, -2.6954], [38.2588, -2.7604], [38.3625, -2.9010], [38.4097, -2.9308], [38.4605, -2.9952], [38.4892, -2.9799], [38.5119, -2.9889], [38.5367, -2.9794], [38.6421, -3.0171], [38.6643, -3.0438], [38.7055, -3.0367], [38.7739, -3.0503], [38.8085, -3.0576], [38.7979, -3.0644], [38.8083, -3.0731], [38.8403, -3.0590], [38.8619, -3.0632], [38.8943, -3.0433], [38.9779, -3.0453], [38.9937, -3.0298], [39.0259, -3.0250], [39.0871, -3.0557], [39.1280, -3.0222], [39.1347, -3.0444], [39.1526, -3.0473], [39.1650, -3.0684], [39.1766, -3.0596], [39.2203, -3.0686], [39.0565, -3.6873], [38.9703, -3.6366]]]}}, {"type": "Feature", "properties": {"county": "Garissa"}, "geometry": {"type": "Polygon", "coordinates": [[[40.3989, 0.1812], [40.5066, 0.1896], [40.5395, 0.2274], [40.5866, 0.2119], [40.6135, 0.2295], [40.6489, 0.2290], [40.6838, 0.2562], [40.7162, 0.3168], [40.7752, 0.3526], [40.8736, 0.3812], [40.9945, 0.4629], [40.9935, -0.8323], [41.5628, -1.6005], [41.5624, -1.6532], [40.9051, -1.7120], [40.2127, -2.0352], [40.1858, -1.9594], [40.1857, -1.8642], [40.1621, -1.8238], [40.1586, -1.7611], [40.1706, -1.7269], [40.1565, -1.6623], [40.0883, -1.4797], [40.0504, -1.3185], [40.0580, -1.2527], [39.9358, -1.0066], [39.9385, -0.9659], [39.9045, -0.8956], [39.9029, -0.8358], [39.8641, -0.7623], [39.8677, -0.7337], [39.8219, -0.6295], [39.8182, -0.5943], [39.7599, -0.5500], [39.7267, -0.5479], [39.7235, -0.5275], [39.6940, -0.4953], [39.6383, -0.5137], [39.6357, -0.4647], [39.6102, -0.4452], [39.6173, -0.4150], [39.5992, -0.3980], [39.5909, -0.3467], [39.5810, -0.3505], [39.5529, -0.3259], [39.5591, -0.3177], [39.5436, -0.2950], [39.5146, -0.3033], [39.5195, -0.2838], [39.5015, -0.2543], [39.4797, -0.2483], [39.4715, -0.2263], [39.4284, -0.1926], [39.3879, -0.1957], [39.3566, -0.1620], [39.3457, -0.1723], [39.3307, -0.1646], [39.3195, -0.1403], [39.2609, -0.1479], [39.2221, -0.1319], [39.1967, -0.1448], [39.1590, -0.1300], [39.1395, -0.1401], [39.1367, -0.1237], [39.1236, -0.1246], [39.0708, -0.0547], [39.0382, -0.0566], [39.0229, -0.0435], [38.9796, -0.0656], [38.9835, -0.0857], [38.9391, -0.1045], [38.9178, -0.0878], [38.8936, -0.1000], [38.8315, -0.0989], [38.7273, -0.0682], [38.7401, 0.0095], [38.7325, 0.1327], [38.7561, 0.1703], [38.7551, 0.1904], [38.6765, 0.4932], [38.6603, 0.5076], [38.7226, 0.5106], [38.7242, 0.5232], [38.7517, 0.5235], [38.7673, 0.5105], [38.8608, 0.5980], [38.9131, 0.5972], [38.9412, 0.6260], [39.0122, 0.6247], [39.0256, 0.6636], [39.0508, 0.6843], [39.0844, 0.6746], [39.1008, 0.6878], [39.1433, 0.6906], [39.1732, 0.7214], [39.1690, 0.7409], [39.2363, 0.8406], [39.3120, 0.9208], [39.4622, 0.9918], [39.4952, 0.9535], [39.5618, 0.7479], [39.6466, 0.6546], [39.6650, 0.6118], [39.7333, 0.5232], [39.8012, 0.4816], [39.8516, 0.4745], [39.8750, 0.4566], [39.9061, 0.4599], [39.9858, 0.4038], [40.0620, 0.3891], [40.1595, 0.3251], [40.2443, 0.2433], [40.3314, 0.1963], [40.3989, 0.1812]]]}}, {"type": "Feature", "properties": {"county": "Wajir"}, "geometry": {"type": "Polygon", "coordinates": [[[40.9936, 2.1751], [40.9926, 0.4604], [40.8736, 0.3812], [40.7752, 0.3526], [40.7162, 0.3168], [40.6838, 0.2562], [40.6489, 0.2290], [40.6135, 0.2295], [40.5866, 0.2119], [40.5395, 0.2274], [40.5067, 0.1897], [40.4037, 0.1800], [40.3314, 0.1963], [40.2443, 0.2433], [40.1595, 0.3251], [40.0620, 0.3891], [39.9858, 0.4038], [39.9061, 0.4599], [39.8750, 0.4566], [39.8516, 0.4745], [39.8012, 0.4816], [39.7333, 0.5232], [39.6650, 0.6118], [39.6466, 0.6546], [39.5618, 0.7479], [39.4952, 0.9535], [39.4622, 0.9918], [39.2766, 1.4721], [39.4457, 1.5321], [39.3974, 1.5614], [39.3441, 1.6326], [39.3072, 1.6609], [39.2089, 1.7070], [39.1290, 1.8723], [39.0667, 1.9201], [38.9974, 2.0063], [38.9879, 2.0662], [38.9575, 2.0989], [38.9387, 2.1543], [38.9290, 2.2837], [38.9361, 2.3693], [38.8899, 2.5396], [38.9782, 2.5625], [38.9997, 2.5962], [39.0632, 2.7352], [39.0692, 2.8800], [39.1138, 2.8806], [39.1257, 2.9296], [39.1501, 2.9511], [39.1955, 2.9542], [39.2493, 2.9840], [39.2898, 3.0336], [39.3462, 3.0682], [39.3410, 3.2542], [39.2994, 3.4360], [39.3255, 3.4986], [39.3340, 3.4985], [39.3363, 3.4648], [39.4091, 3.4671], [39.4591, 3.4539], [39.4978, 3.4637], [39.5148, 3.4099], [39.5538, 3.3986], [39.5910, 3.4870], [39.7858, 3.6896], [39.7868, 3.3332], [40.0342, 3.2323], [40.2697, 2.9676], [40.4940, 2.8654], [40.4955, 2.7962], [40.5194, 2.7745], [40.5217, 2.7416], [40.5020, 2.7145], [40.5970, 2.5093], [40.5916, 2.4989], [40.6338, 2.4384], [40.6613, 2.4244], [40.6776, 2.3710], [40.7320, 2.3141], [40.8469, 2.2761], [40.8845, 2.2144], [40.9191, 2.1866], [40.9477, 2.1729], [40.9936, 2.1751]]]}}, {"type": "Feature", "properties": {"county": "Busia"}, "geometry": {"type": "MultiPolygon", "coordinates": [[[[33.9563, 0.0525], [33.9558, 0.0710], [33.9442, 0.0861], [33.9560, 0.0927], [33.9492, 0.0983], [33.9650, 0.0964], [33.9862, 0.1092], [33.9824, 0.1294], [33.9977, 0.1456], [33.9935, 0.1540], [33.9836, 0.1541], [34.0013, 0.1890], [33.9957, 0.1988], [34.0136, 0.2222], [34.0068, 0.2333], [34.0228, 0.2539], [34.0240, 0.2670], [34.0412, 0.2738], [34.0411, 0.2919], [34.0487, 0.2916], [34.0522, 0.3068], [34.0611, 0.3101], [34.0571, 0.3215], [34.0814, 0.3284], [34.1077, 0.3643], [34.1052, 0.3954], [34.0895, 0.4246], [34.0892, 0.4542], [34.1201, 0.4811], [34.1175, 0.5085], [34.1231, 0.5161], [34.1164, 0.5208], [34.1269, 0.5370], [34.1377, 0.5830], [34.1534, 0.5844], [34.1753, 0.6055], [34.1866, 0.6042], [34.2004, 0.6258], [34.2167, 0.6221], [34.2208, 0.6303], [34.2363, 0.6257], [34.2413, 0.6325], [34.2509, 0.6289], [34.2776, 0.6399], [34.2788, 0.6784], [34.3141, 0.6973], [34.3077, 0.7194], [34.3167, 0.7629], [34.3594, 0.7759], [34.3835, 0.7709], [34.3932, 0.7574], [34.3993, 0.7529], [34.4129, 0.7643], [34.4250, 0.7641], [34.4344, 0.7404], [34.4329, 0.7247], [34.4046, 0.7222], [34.4168, 0.6869], [34.4100, 0.6791], [34.4182, 0.6574], [34.3841, 0.6396], [34.3794, 0.6102], [34.3702, 0.6004], [34.3771, 0.5768], [34.3685, 0.5590], [34.3912, 0.5365], [34.4094, 0.5029], [34.3867, 0.4918], [34.3907, 0.4593], [34.3689, 0.4544], [34.3657, 0.4393], [34.3440, 0.4221], [34.3619, 0.4029], [34.3791, 0.4028], [34.4229, 0.3702], [34.3977, 0.3583], [34.3979, 0.3429], [34.3860, 0.3342], [34.3825, 0.3145], [34.3677, 0.3013], [34.2511, 0.3107], [34.2368, 0.2897], [34.2057, 0.2838], [34.2043, 0.2587], [34.1751, 0.2934], [34.1605, 0.2983], [34.1404, 0.2557], [34.1175, 0.2397], [34.1060, 0.1845], [34.1131, 0.1734], [34.1122, 0.1334], [34.1030, 0.1227], [34.1058, 0.1332], [34.1002, 0.1336], [34.0725, 0.1177], [34.0741, 0.1007], [34.0427, -0.0024], [34.0175, -0.0298], [34.0100, -0.0288], [34.0082, -0.0070], [33.9917, 0.0083], [33.9816, 0.0422], [33.9692, 0.0542], [33.9563, 0.0525]]], [[[34.3938, 0.7570], [34.3942, 0.7569], [34.3938, 0.7570], [34.3938, 0.7570]]], [[[33.9138, 0.1018], [33.9106, 0.0992], [33.9117, 0.1056], [33.9138, 0.1018]]]]}}, {"type": "Feature", "properties": {"county": "Mandera"}, "geometry": {"type": "Polygon", "coordinates": [[[40.7642, 4.2810], [40.8488, 4.2447], [40.8549, 4.2263], [40.8858, 4.2099], [40.9077, 4.1539], [40.9590, 4.1393], [40.9821, 4.1100], [41.0033, 4.1065], [41.0422, 4.0740], [41.0742, 4.0241], [41.1064, 4.0043], [41.1034, 3.9929], [41.1982, 3.9341], [41.2090, 3.9339], [41.2184, 3.9562], [41.2418, 3.9579], [41.2462, 3.9482], [41.2966, 3.9456], [41.2986, 3.9540], [41.3268, 3.9394], [41.3573, 3.9594], [41.3799, 3.9507], [41.4001, 3.9623], [41.4219, 3.9475], [41.4832, 3.9530], [41.5028, 3.9669], [41.5143, 3.9529], [41.5496, 3.9827], [41.5695, 3.9677], [41.6372, 3.9842], [41.6776, 3.9585], [41.6832, 3.9749], [41.7204, 3.9932], [41.7552, 3.9821], [41.7556, 3.9721], [41.7953, 3.9804], [41.8002, 3.9561], [41.8371, 3.9428], [41.9105, 3.9770], [41.3294, 3.1509], [40.9950, 2.8219], [40.9941, 2.7642], [40.9946, 2.5848], [40.9941, 2.2110], [40.9936, 2.1737], [40.9477, 2.1729], [40.9191, 2.1866], [40.8845, 2.2144], [40.8469, 2.2761], [40.7320, 2.3141], [40.6776, 2.3710], [40.6613, 2.4244], [40.6338, 2.4384], [40.5916, 2.4989], [40.5970, 2.5093], [40.5020, 2.7145], [40.5217, 2.7416], [40.5194, 2.7745], [40.4955, 2.7962], [40.4940, 2.8654], [40.2697, 2.9676], [40.0342, 3.2323], [39.7868, 3.3332], [39.7858, 3.6898], [39.8690, 3.8651], [40.1685, 4.0244], [40.7284, 4.2490], [40.7642, 4.2810]]]}}, {"type": "Feature", "properties": {"county": "Marsabit"}, "geometry": {"type": "Polygon", "coordinates": [[[38.9598, 2.0924], [38.3861, 1.7608], [38.3420, 1.5760], [37.9493, 1.2644], [37.9522, 1.3863], [37.8518, 1.4587], [37.8437, 1.4267], [37.8288, 1.4187], [37.6523, 1.3987], [37.6113, 1.3724], [37.5997, 1.3895], [37.5809, 1.3617], [37.3598, 1.7265], [37.3057, 1.7488], [37.2746, 1.8671], [37.2347, 1.8690], [37.1719, 1.9247], [37.1626, 1.9618], [37.0117, 1.9813], [36.9498, 2.0231], [36.9177, 2.0162], [36.9212, 2.0963], [36.8969, 2.1896], [36.8452, 2.2714], [36.7574, 2.5148], [36.7018, 2.5091], [36.6935, 2.5335], [36.7028, 2.5775], [36.6860, 2.7101], [36.7074, 2.7246], [36.6945, 2.8201], [36.7077, 2.8336], [36.7007, 2.8623], [36.6628, 2.8916], [36.5971, 2.8816], [36.5728, 2.8966], [36.5239, 2.8905], [36.5182, 2.9122], [36.4450, 2.9572], [36.4416, 2.9786], [36.3965, 3.0209], [36.3971, 3.0660], [36.3774, 3.1257], [36.3306, 3.1871], [36.3018, 3.1808], [36.2838, 3.2581], [36.2097, 3.3239], [36.2502, 3.3354], [36.2555, 3.3728], [36.2276, 3.4236], [36.2188, 3.4947], [36.2005, 3.5284], [36.2152, 3.6670], [36.2362, 3.6670], [36.2397, 3.6834], [36.2538, 3.6834], [36.2431, 3.7033], [36.2649, 3.7151], [36.2775, 3.7453], [36.2630, 3.7696], [36.2472, 3.7666], [36.2542, 3.7808], [36.2347, 3.8347], [36.2400, 3.8527], [36.1758, 3.9446], [36.1934, 3.9458], [36.2085, 3.9672], [36.2155, 4.0729], [36.2488, 4.1371], [36.2437, 4.1752], [36.2071, 4.1955], [36.2231, 4.2728], [36.1836, 4.3291], [36.2191, 4.3641], [36.2133, 4.4215], [36.1885, 4.4037], [36.1694, 4.4488], [36.2618, 4.4548], [36.3052, 4.4380], [36.6241, 4.4516], [36.6611, 4.4381], [36.8420, 4.4470], [36.9749, 4.3953], [37.9153, 3.7725], [37.9987, 3.7276], [38.1281, 3.6057], [38.1945, 3.6193], [38.4478, 3.6018], [38.5212, 3.6252], [38.5159, 3.6500], [38.5387, 3.6544], [38.5684, 3.6097], [38.6704, 3.5936], [38.6740, 3.6221], [38.6851, 3.6240], [38.7155, 3.5715], [38.9044, 3.5126], [38.9589, 3.5151], [38.9668, 3.5310], [39.0211, 3.5093], [39.0405, 3.5319], [39.0886, 3.5394], [39.1119, 3.5181], [39.1901, 3.4904], [39.1930, 3.4766], [39.2676, 3.4693], [39.3041, 3.4765], [39.3184, 3.4972], [39.3265, 3.4993], [39.2994, 3.4360], [39.3410, 3.2542], [39.3462, 3.0682], [39.2898, 3.0336], [39.2493, 2.9840], [39.1955, 2.9542], [39.1501, 2.9511], [39.1257, 2.9296], [39.1138, 2.8806], [39.0692, 2.8800], [39.0632, 2.7352], [38.9997, 2.5962], [38.9782, 2.5625], [38.8899, 2.5396], [38.9361, 2.3693], [38.9290, 2.2837], [38.9387, 2.1543], [38.9598, 2.0924]]]}}, {"type": "Feature", "properties": {"county": "Meru"}, "geometry": {"type": "Polygon", "coordinates": [[[37.7676, -0.1598], [37.7323, -0.2016], [37.6668, -0.2081], [37.6588, -0.2181], [37.5778, -0.1822], [37.5098, -0.1870], [37.3091, -0.1527], [37.1368, -0.0398], [37.0881, 0.0204], [37.1090, 0.0360], [37.2025, 0.0587], [37.2336, 0.0786], [37.2343, 0.0947], [37.2530, 0.0943], [37.2822, 0.1275], [37.2913, 0.1596], [37.3411, 0.1809], [37.3612, 0.2532], [37.4014, 0.2931], [37.4317, 0.2948], [37.5368, 0.2610], [37.5559, 0.3262], [37.5828, 0.3263], [37.6058, 0.3516], [37.5996, 0.4002], [37.5828, 0.4093], [37.5879, 0.4786], [37.8273, 0.5606], [38.0631, 0.6685], [38.1767, 0.3284], [38.1975, 0.3196], [38.1924, 0.2319], [38.2459, 0.2035], [38.2984, 0.1556], [38.3079, 0.1090], [38.3290, 0.0920], [38.3245, 0.0731], [38.3499, 0.0575], [38.3440, 0.0429], [38.3583, 0.0351], [38.3571, 0.0177], [38.4010, -0.0160], [38.4204, -0.0730], [38.3938, -0.0762], [38.3833, -0.0902], [38.3464, -0.0654], [38.3287, -0.0708], [38.2829, -0.0242], [38.2465, -0.0238], [38.2200, 0.0099], [38.1918, 0.0111], [38.1150, 0.0525], [38.0825, 0.0254], [38.0448, 0.0211], [37.9927, 0.0571], [37.9177, 0.0649], [37.8982, 0.0310], [37.9111, 0.0255], [37.9061, 0.0158], [37.9400, 0.0158], [37.9515, -0.0002], [37.8982, -0.0037], [37.8833, -0.0537], [37.9027, -0.0625], [37.8857, -0.0661], [37.8943, -0.0737], [37.8674, -0.0918], [37.8524, -0.1160], [37.8599, -0.1282], [37.7911, -0.1704], [37.7676, -0.1598]], [[38.0244, 0.0490], [38.0242, 0.0489], [38.0238, 0.0487], [38.0244, 0.0490]]]}}, {"type": "Feature", "properties": {"county": "Tharaka-Nithi"}, "geometry": {"type": "MultiPolygon", "coordinates": [[[[37.5532, -0.3629], [37.5533, -0.3629], [37.5532, -0.3629], [37.5532, -0.3629]]], [[[37.5533, -0.3629], [37.3091, -0.1527], [37.5098, -0.1870], [37.5778, -0.1822], [37.6588, -0.2181], [37.6668, -0.2081], [37.7321, -0.2017], [37.7495, -0.1904], [37.7686, -0.1588], [37.7911, -0.1704], [37.8599, -0.1282], [37.8524, -0.1160], [37.8703, -0.1015], [37.8674, -0.0918], [37.8943, -0.0737], [37.8857, -0.0661], [37.9027, -0.0625], [37.8833, -0.0535], [37.9001, -0.0018], [37.9515, -0.0002], [37.9536, 0.0054], [37.9410, 0.0023], [37.9400, 0.0158], [37.9061, 0.0158], [37.9111, 0.0255], [37.8982, 0.0310], [37.9177, 0.0649], [37.9300, 0.0565], [37.9460, 0.0649], [37.9553, 0.0541], [37.9624, 0.0629], [37.9927, 0.0571], [38.0448, 0.0211], [38.0702, 0.0214], [38.0743, 0.0301], [38.0825, 0.0254], [38.0960, 0.0451], [38.1143, 0.0526], [38.1291, 0.0483], [38.1918, 0.0111], [38.2200, 0.0099], [38.2465, -0.0238], [38.2549, -0.0166], [38.2829, -0.0242], [38.3029, -0.0454], [38.3006, -0.0530], [38.3103, -0.0557], [38.2732, -0.0967], [38.2507, -0.0884], [38.2222, -0.1071], [38.2069, -0.1465], [38.1865, -0.1553], [38.1830, -0.1918], [38.1635, -0.2375], [38.1446, -0.2430], [38.1152, -0.2790], [37.9980, -0.2691], [37.9801, -0.3135], [37.9863, -0.3264], [37.9720, -0.3470], [37.9788, -0.3573], [37.9682, -0.3664], [37.9749, -0.3784], [37.9704, -0.3999], [37.9524, -0.4284], [37.9262, -0.4306], [37.9232, -0.4184], [37.9093, -0.4168], [37.9011, -0.3992], [37.8908, -0.3969], [37.8974, -0.3733], [37.8871, -0.3456], [37.8735, -0.3529], [37.8670, -0.3855], [37.8015, -0.4408], [37.7854, -0.4506], [37.7276, -0.4551], [37.6609, -0.4247], [37.6318, -0.3927], [37.5533, -0.3629]]], [[[38.0244, 0.0490], [38.0238, 0.0487], [38.0245, 0.0492], [38.0244, 0.0490]]]]}}, {"type": "Feature", "properties": {"county": "Nyandarua"}, "geometry": {"type": "Polygon", "coordinates": [[[36.2441, -0.2564], [36.2367, -0.2289], [36.2125, -0.2039], [36.2014, -0.1368], [36.2214, -0.1060], [36.2477, -0.1190], [36.2477, -0.0605], [36.2624, -0.0027], [36.2938, 0.0106], [36.3015, 0.0027], [36.3058, 0.0148], [36.3481, 0.0311], [36.3537, 0.0148], [36.4265, 0.0415], [36.4028, 0.0553], [36.4241, 0.0820], [36.4453, 0.0890], [36.4661, 0.1364], [36.5119, 0.0853], [36.5241, 0.0468], [36.5770, 0.0665], [36.6036, 0.0016], [36.6376, 0.0126], [36.6506, -0.0171], [36.5833, -0.0215], [36.5526, -0.0695], [36.5618, -0.0760], [36.5567, -0.0900], [36.5739, -0.1038], [36.6361, -0.1067], [36.6565, -0.1531], [36.6905, -0.1743], [36.6187, -0.3049], [36.6097, -0.3358], [36.6179, -0.3560], [36.6047, -0.3702], [36.6322, -0.3876], [36.6248, -0.4032], [36.6516, -0.4349], [36.6521, -0.4588], [36.6676, -0.4730], [36.6606, -0.4959], [36.6814, -0.5818], [36.6726, -0.6615], [36.7094, -0.7013], [36.7219, -0.7638], [36.7375, -0.7804], [36.7209, -0.7805], [36.7226, -0.8066], [36.6866, -0.7627], [36.6547, -0.7650], [36.6464, -0.7731], [36.6747, -0.7784], [36.6232, -0.8319], [36.5896, -0.8284], [36.6022, -0.8635], [36.5902, -0.8897], [36.5552, -0.9213], [36.5454, -0.9083], [36.5622, -0.8427], [36.5215, -0.7113], [36.5449, -0.6973], [36.5217, -0.6534], [36.5209, -0.6260], [36.5126, -0.6109], [36.5068, -0.6234], [36.4688, -0.6272], [36.4567, -0.6127], [36.4520, -0.5663], [36.4036, -0.5731], [36.4059, -0.5235], [36.3863, -0.4572], [36.3867, -0.4279], [36.3605, -0.3786], [36.3360, -0.3894], [36.3145, -0.3865], [36.3138, -0.3691], [36.2945, -0.3747], [36.2772, -0.3937], [36.2637, -0.3435], [36.2335, -0.3440], [36.2289, -0.3522], [36.2136, -0.2701], [36.2441, -0.2564]]]}}, {"type": "Feature", "properties": {"county": "Kitui"}, "geometry": {"type": "Polygon", "coordinates": [[[37.7944, -1.1271], [37.8488, -1.0444], [37.8482, -0.9970], [37.8699, -0.9792], [37.8463, -0.9666], [37.8559, -0.9651], [37.8527, -0.9357], [37.8386, -0.9079], [37.8200, -0.9025], [37.8216, -0.8853], [37.8507, -0.8351], [37.8465, -0.8135], [37.8853, -0.8074], [37.8857, -0.7848], [37.9169, -0.7307], [37.9116, -0.7101], [37.9001, -0.7103], [37.8934, -0.6548], [37.9231, -0.6265], [37.8835, -0.5849], [37.8827, -0.5377], [37.9356, -0.4317], [37.9656, -0.4141], [37.9720, -0.3470], [37.9969, -0.2707], [38.1152, -0.2790], [38.1446, -0.2430], [38.1635, -0.2375], [38.1865, -0.1553], [38.2069, -0.1465], [38.2222, -0.1071], [38.2507, -0.0884], [38.2732, -0.0967], [38.3095, -0.0560], [38.3828, -0.0902], [38.3938, -0.0762], [38.4202, -0.0729], [38.8111, -0.7361], [38.9627, -1.0515], [39.0013, -1.6823], [38.9601, -1.7063], [39.0171, -1.9167], [38.8001, -2.3540], [38.7883, -2.3679], [38.7405, -2.3789], [38.6881, -2.4270], [38.6249, -2.4268], [39.0009, -2.9423], [39.0633, -3.0455], [39.0259, -3.0250], [38.9937, -3.0298], [38.9779, -3.0453], [38.8943, -3.0433], [38.8619, -3.0632], [38.8403, -3.0590], [38.8083, -3.0731], [38.7979, -3.0644], [38.8085, -3.0576], [38.7739, -3.0503], [38.7055, -3.0367], [38.6643, -3.0438], [38.6421, -3.0171], [38.5367, -2.9794], [38.5013, -2.9884], [38.5003, -2.9601], [38.4289, -2.8529], [38.4189, -2.8148], [38.4333, -2.7909], [38.3399, -2.5878], [38.3389, -2.5578], [38.3232, -2.5498], [38.3131, -2.5047], [38.2891, -2.4846], [38.2752, -2.4272], [38.2237, -2.4022], [38.2116, -2.3581], [38.1184, -2.3158], [38.1124, -2.2878], [38.0762, -2.2625], [38.0495, -2.1715], [38.0198, -2.1486], [37.9664, -2.1664], [37.9552, -2.1342], [37.9599, -2.0671], [37.9123, -1.9356], [37.9212, -1.9054], [37.9063, -1.9048], [37.9034, -1.8665], [37.8854, -1.8533], [37.8943, -1.8419], [37.8391, -1.7830], [37.8569, -1.7563], [37.8360, -1.7121], [37.8389, -1.6929], [37.8208, -1.6827], [37.7735, -1.5861], [37.6958, -1.5006], [37.7749, -1.4896], [37.8189, -1.4446], [37.8054, -1.3962], [37.7769, -1.3628], [37.7469, -1.3600], [37.7335, -1.3441], [37.6893, -1.2419], [37.6270, -1.1523], [37.5984, -1.1340], [37.5955, -1.0895], [37.7430, -1.0789], [37.7944, -1.1271]]]}}, {"type": "Feature", "properties": {"county": "Nyeri"}, "geometry": {"type": "Polygon", "coordinates": [[[36.8316, -0.1037], [36.8322, -0.1350], [36.8619, -0.1431], [36.8723, -0.1762], [36.8544, -0.1972], [36.8400, -0.1986], [36.8574, -0.2553], [36.8716, -0.2475], [36.8805, -0.2588], [36.9594, -0.2824], [36.9708, -0.2582], [36.9878, -0.2584], [37.0114, -0.2426], [37.0208, -0.1787], [37.0093, -0.1467], [36.9861, -0.1336], [36.9784, -0.0719], [37.0269, -0.0499], [37.0791, 0.0123], [37.0797, -0.0053], [37.1135, -0.0383], [37.1214, -0.0217], [37.3082, -0.1523], [37.2003, -0.4413], [37.1771, -0.4434], [37.1776, -0.4684], [37.1625, -0.4948], [37.1698, -0.5157], [37.1469, -0.5280], [37.1542, -0.542], [37.1450, -0.5718], [37.1800, -0.6068], [37.1701, -0.6383], [37.1209, -0.6474], [37.0600, -0.6124], [37.0496, -0.5967], [36.9967, -0.5864], [36.9880, -0.5764], [36.9159, -0.6104], [36.8852, -0.6119], [36.8116, -0.5818], [36.8037, -0.5696], [36.7364, -0.5669], [36.7090, -0.5872], [36.7083, -0.6280], [36.6856, -0.5999], [36.6606, -0.4959], [36.6676, -0.4730], [36.6521, -0.4588], [36.6516, -0.4349], [36.6248, -0.4032], [36.6322, -0.3876], [36.6047, -0.3702], [36.6179, -0.3560], [36.6097, -0.3358], [36.6187, -0.3049], [36.6905, -0.1743], [36.6605, -0.1525], [36.7664, -0.1095], [36.8316, -0.1037]], [[37.0147, -0.2323], [37.0147, -0.2323], [37.0147, -0.2323], [37.0147, -0.2323]]]}}, {"type": "Feature", "properties": {"county": "Turkana"}, "geometry": {"type": "Polygon", "coordinates": [[[36.3623, 2.8568], [36.4274, 2.7181], [36.4471, 2.7033], [36.4339, 2.6789], [36.4377, 2.6330], [36.5141, 2.5574], [36.5291, 2.5194], [36.5232, 2.4475], [36.5388, 2.4042], [36.5600, 2.3942], [36.5940, 2.4092], [36.6014, 2.3594], [36.7246, 2.3004], [36.7247, 2.2762], [36.7081, 2.2609], [36.7134, 2.2233], [36.7024, 2.1972], [36.5906, 2.1428], [36.5651, 2.1012], [36.5701, 2.0545], [36.5468, 2.0282], [36.5324, 1.9532], [36.5380, 1.8994], [36.5156, 1.8750], [36.5249, 1.8398], [36.5156, 1.8212], [36.5317, 1.8017], [36.5123, 1.7703], [36.5276, 1.7561], [36.4876, 1.7012], [36.4649, 1.6148], [36.4428, 1.6140], [36.3952, 1.5228], [36.3756, 1.5426], [36.3706, 1.5936], [36.3574, 1.5684], [36.3397, 1.5758], [36.2981, 1.5322], [36.2907, 1.4622], [36.3225, 1.4675], [36.3551, 1.4346], [36.3914, 1.4427], [36.4292, 1.4048], [36.4485, 1.4094], [36.4672, 1.3949], [36.4638, 1.3731], [36.3942, 1.3114], [36.4216, 1.2928], [36.4373, 1.3006], [36.4541, 1.2589], [36.4480, 1.2494], [36.3978, 1.2747], [36.3898, 1.2614], [36.4222, 1.2324], [36.3962, 1.2182], [36.3897, 1.1841], [36.3946, 1.1705], [36.4214, 1.1833], [36.4444, 1.1708], [36.4356, 1.1355], [36.4558, 1.0088], [36.4346, 0.9524], [36.3957, 0.9080], [36.3847, 0.9518], [36.3521, 0.9637], [36.3421, 0.9911], [36.3170, 0.9892], [36.1746, 1.1681], [36.0969, 1.1676], [35.7828, 1.6616], [35.5945, 1.7618], [35.4988, 1.7639], [35.4717, 1.8020], [35.4726, 1.8356], [35.3646, 1.9274], [35.3777, 1.9474], [35.3432, 2.0427], [35.3295, 2.1701], [35.2264, 2.4801], [35.2275, 2.5793], [35.1738, 2.6345], [35.1312, 2.6491], [35.1063, 2.5740], [35.1035, 2.5079], [35.0763, 2.4878], [35.0108, 2.5296], [34.9960, 2.4284], [34.9559, 2.4525], [34.9331, 2.5140], [34.9137, 2.5140], [34.8951, 2.5894], [34.8693, 2.5683], [34.7995, 2.6543], [34.7756, 2.6959], [34.7835, 2.7539], [34.7649, 2.8220], [34.7491, 2.8231], [34.7367, 2.8515], [34.7066, 2.8730], [34.6900, 2.8596], [34.6567, 2.8632], [34.6398, 2.9044], [34.6003, 2.9217], [34.5768, 3.0244], [34.5756, 3.0957], [34.5472, 3.1360], [34.5173, 3.1473], [34.4951, 3.1396], [34.4818, 3.1646], [34.4599, 3.1744], [34.4473, 3.2856], [34.4295, 3.3373], [34.4012, 3.3740], [34.4024, 3.4101], [34.4193, 3.4408], [34.3903, 3.4903], [34.4263, 3.4891], [34.4532, 3.5198], [34.4631, 3.6658], [34.4059, 3.6899], [34.3770, 3.7298], [34.3636, 3.7315], [34.3237, 3.7232], [34.3047, 3.6832], [34.3072, 3.7073], [34.2477, 3.7780], [34.1698, 3.7641], [34.1885, 3.7899], [34.1529, 3.8019], [34.1762, 3.8256], [34.2250, 3.8296], [34.2206, 3.8691], [34.1904, 3.8777], [34.0908, 3.8584], [34.0914, 3.8808], [34.1224, 3.9069], [34.1328, 3.9553], [34.0600, 4.0066], [34.0586, 4.0243], [34.0896, 4.0353], [34.0911, 4.0645], [34.0504, 4.1135], [34.0643, 4.1403], [34.0467, 4.1748], [33.9900, 4.2202], [34.5158, 4.7221], [35.1163, 5.2601], [35.2450, 5.4554], [35.5403, 5.4669], [35.6035, 5.4313], [35.6747, 5.4279], [35.7356, 5.3946], [35.7770, 5.3900], [35.8471, 5.3371], [35.8298, 5.2544], [35.8517, 5.2004], [35.8371, 4.9347], [35.8659, 4.9228], [35.8985, 4.8848], [35.9233, 4.6430], [35.9419, 4.6196], [35.9453, 4.5833], [35.9634, 4.5681], [35.9450, 4.5419], [35.9581, 4.5272], [35.9406, 4.5047], [35.9495, 4.4583], [35.9197, 4.3393], [35.9351, 4.1282], [35.8622, 3.9929], [35.8512, 3.9437], [35.8596, 3.8306], [35.8311, 3.7174], [35.8323, 3.6183], [35.8470, 3.5881], [35.9101, 3.5431], [35.8921, 3.4990], [35.9092, 3.4833], [35.9368, 3.5009], [35.9182, 3.5539], [35.9389, 3.5457], [35.9495, 3.4755], [35.9350, 3.4053], [35.9473, 3.3298], [35.9747, 3.3255], [36.0051, 3.2996], [36.0275, 3.2463], [36.1331, 3.2068], [36.1519, 3.2146], [36.1388, 3.1495], [36.1519, 3.0839], [36.1396, 3.0697], [36.1233, 2.9776], [36.1374, 2.9761], [36.1334, 2.9644], [36.1913, 2.9655], [36.2471, 2.9469], [36.2548, 2.9620], [36.2812, 2.8904], [36.3623, 2.8568]]]}}, {"type": "Feature", "properties": {"county": "West Pokot"}, "geometry": {"type": "MultiPolygon", "coordinates": [[[[35.5445, 1.2839], [35.3254, 1.1172], [35.1531, 1.1974], [35.1266, 1.1823], [35.0891, 1.1813], [35.0851, 1.1664], [35.0445, 1.1929], [35.0438, 1.2141], [35.0124, 1.2533], [34.9059, 1.2493], [34.9074, 1.2808], [34.8199, 1.2590], [34.8318, 1.2683], [34.8294, 1.3074], [34.7851, 1.3672], [34.8024, 1.3802], [34.7848, 1.4129], [34.8318, 1.4495], [34.8608, 1.4559], [34.8641, 1.5260], [34.8901, 1.5528], [34.9070, 1.5510], [34.9444, 1.5761], [34.9917, 1.6642], [35.0007, 1.8416], [35.0248, 1.9239], [34.9824, 1.9821], [34.9664, 2.0607], [34.9946, 2.0951], [34.9656, 2.1936], [34.9059, 2.3204], [34.8836, 2.4108], [34.9320, 2.4525], [35.0023, 2.4309], [35.0108, 2.5296], [35.0763, 2.4878], [35.0993, 2.5011], [35.1063, 2.5740], [35.1312, 2.6491], [35.1738, 2.6345], [35.2322, 2.5729], [35.2264, 2.4801], [35.3295, 2.1701], [35.3432, 2.0427], [35.3777, 1.9474], [35.3646, 1.9274], [35.4726, 1.8356], [35.4717, 1.8020], [35.4988, 1.7639], [35.5945, 1.7618], [35.7868, 1.6553], [35.7784, 1.6389], [35.7915, 1.6238], [35.7812, 1.6208], [35.7851, 1.5770], [35.7703, 1.5316], [35.7074, 1.4353], [35.7127, 1.3994], [35.6886, 1.3557], [35.6987, 1.3184], [35.6323, 1.2982], [35.6073, 1.2763], [35.5799, 1.2892], [35.5445, 1.2839]]], [[[35.5598, 1.2841], [35.5598, 1.2841], [35.5598, 1.2841], [35.5598, 1.2841]]]]}}, {"type": "Feature", "properties": {"county": "Samburu"}, "geometry": {"type": "Polygon", "coordinates": [[[37.0117, 1.9813], [37.1626, 1.9618], [37.1719, 1.9247], [37.2347, 1.8690], [37.2746, 1.8671], [37.3057, 1.7488], [37.3598, 1.7265], [37.5809, 1.3617], [37.5997, 1.3895], [37.6113, 1.3724], [37.6523, 1.3987], [37.8288, 1.4187], [37.8437, 1.4267], [37.8518, 1.4587], [37.9522, 1.3863], [37.9496, 1.1909], [38.0320, 1.0830], [38.0478, 0.8025], [38.0809, 0.7807], [38.0558, 0.7761], [38.0148, 0.8037], [37.9734, 0.7532], [37.9163, 0.7113], [37.8799, 0.7409], [37.8486, 0.7119], [37.8350, 0.6775], [37.7500, 0.6745], [37.7274, 0.6529], [37.7109, 0.6656], [37.6922, 0.6618], [37.6823, 0.6404], [37.6401, 0.6203], [37.6340, 0.5951], [37.5844, 0.5851], [37.5828, 0.5717], [37.5137, 0.5649], [37.4718, 0.5914], [37.3923, 0.5742], [37.3652, 0.5858], [37.3011, 0.7188], [37.2573, 0.7623], [37.2198, 0.7376], [37.1691, 0.7410], [37.1042, 0.7865], [37.0719, 0.7769], [37.0679, 0.7633], [37.0575, 0.7703], [36.9819, 0.7429], [36.9357, 0.7527], [36.9120, 0.7258], [36.9035, 0.7386], [36.8667, 0.7369], [36.8199, 0.8531], [36.7946, 0.8683], [36.7582, 0.8575], [36.7382, 0.8271], [36.7154, 0.8173], [36.4841, 0.8119], [36.4892, 0.8480], [36.4463, 0.8690], [36.4197, 0.8992], [36.3960, 0.9028], [36.4432, 0.9673], [36.4558, 1.0088], [36.4356, 1.1355], [36.4444, 1.1708], [36.4214, 1.1833], [36.3946, 1.1705], [36.3897, 1.1841], [36.3962, 1.2182], [36.4222, 1.2324], [36.3898, 1.2614], [36.3978, 1.2747], [36.4480, 1.2494], [36.4541, 1.2589], [36.4373, 1.3006], [36.4216, 1.2928], [36.3942, 1.3114], [36.4638, 1.3731], [36.4672, 1.3949], [36.4485, 1.4094], [36.4292, 1.4048], [36.3914, 1.4427], [36.3551, 1.4346], [36.3225, 1.4675], [36.2907, 1.4622], [36.2957, 1.5217], [36.3018, 1.5418], [36.3397, 1.5758], [36.3574, 1.5684], [36.3706, 1.5936], [36.3756, 1.5426], [36.3986, 1.5256], [36.4428, 1.6140], [36.4649, 1.6148], [36.4876, 1.7012], [36.5276, 1.7561], [36.5123, 1.7703], [36.5317, 1.8017], [36.5156, 1.8212], [36.5249, 1.8398], [36.5156, 1.8750], [36.5380, 1.8994], [36.5324, 1.9532], [36.5468, 2.0282], [36.5701, 2.0545], [36.5651, 2.1012], [36.5906, 2.1428], [36.7024, 2.1972], [36.7134, 2.2233], [36.7081, 2.2609], [36.7242, 2.2737], [36.7246, 2.3004], [36.6014, 2.3594], [36.6024, 2.4021], [36.6109, 2.3930], [36.6229, 2.4119], [36.6400, 2.4077], [36.6394, 2.3884], [36.6454, 2.4143], [36.6728, 2.4425], [36.7015, 2.4522], [36.7028, 2.5097], [36.7574, 2.5148], [36.8452, 2.2714], [36.8969, 2.1896], [36.9212, 2.0963], [36.9177, 2.0162], [36.9498, 2.0231], [37.0117, 1.9813]]]}}, {"type": "Feature", "properties": {"county": "Kilifi"}, "geometry": {"type": "MultiPolygon", "coordinates": [[[[39.0869, -3.5706], [39.2203, -3.0701], [39.8929, -2.3090], [40.1819, -2.7205], [40.1669, -2.7175], [40.1581, -2.7335], [40.1752, -2.7606], [40.1672, -2.7703], [40.1631, -2.7590], [40.1671, -2.7822], [40.1582, -2.7803], [40.1555, -2.7934], [40.1630, -2.8033], [40.1680, -2.7957], [40.1828, -2.8336], [40.1624, -2.8846], [40.1548, -2.8705], [40.1445, -2.8939], [40.1492, -2.9037], [40.1513, -2.8983], [40.1699, -2.8912], [40.1621, -2.9151], [40.1561, -2.9060], [40.1482, -2.9128], [40.1515, -2.9223], [40.1541, -2.9188], [40.1590, -2.9161], [40.1600, -2.9165], [40.1459, -2.9893], [40.1654, -3.0021], [40.1523, -3.0056], [40.1585, -3.0331], [40.1861, -2.9955], [40.2168, -2.9952], [40.2383, -2.9773], [40.2413, -2.9864], [40.2007, -3.0119], [40.1965, -3.0308], [40.1749, -3.0436], [40.1749, -3.0720], [40.1581, -3.0842], [40.1646, -3.1340], [40.1213, -3.2016], [40.1333, -3.2554], [40.1240, -3.2887], [39.9745, -3.3898], [39.9718, -3.3773], [39.9946, -3.3663], [39.9931, -3.3536], [39.9677, -3.3582], [39.9561, -3.3423], [39.9408, -3.3493], [39.9351, -3.3715], [39.9616, -3.3895], [39.9579, -3.3770], [39.9723, -3.4057], [39.8897, -3.6051], [39.8683, -3.6377], [39.8450, -3.6346], [39.8225, -3.6102], [39.8182, -3.6341], [39.7946, -3.6295], [39.8127, -3.6480], [39.8385, -3.6320], [39.8444, -3.6389], [39.8652, -3.6411], [39.8743, -3.6958], [39.8299, -3.8283], [39.7666, -3.9523], [39.7137, -3.9512], [39.7005, -3.9271], [39.7159, -3.9068], [39.7125, -3.8998], [39.6981, -3.9193], [39.6942, -3.9138], [39.6941, -3.9093], [39.6926, -3.9079], [39.6916, -3.9268], [39.6427, -3.9289], [39.6504, -3.9617], [39.6029, -3.9551], [39.5703, -3.9940], [39.5413, -3.9928], [39.5489, -3.9679], [39.5297, -3.9505], [39.5194, -3.9146], [39.4348, -3.8351], [39.4199, -3.8240], [39.3990, -3.8292], [39.3792, -3.8108], [39.3923, -3.7398], [39.3582, -3.7304], [39.3473, -3.7008], [39.3575, -3.6570], [39.3444, -3.6378], [39.3493, -3.6046], [39.3206, -3.5675], [39.0869, -3.5706]]], [[[40.1892, -2.7442], [40.1949, -2.7426], [40.1888, -2.7526], [40.1892, -2.7442]]], [[[40.1876, -2.7522], [40.1847, -2.7579], [40.1846, -2.7556], [40.1876, -2.7522]]], [[[40.1861, -2.7756], [40.1827, -2.7808], [40.1837, -2.7744], [40.1861, -2.7756]]], [[[40.1858, -2.8134], [40.1833, -2.8141], [40.1852, -2.8125], [40.1858, -2.8134]]], [[[40.1825, -2.7530], [40.1840, -2.7547], [40.1823, -2.7539], [40.1825, -2.7530]]], [[[40.1751, -2.7466], [40.1837, -2.7485], [40.1747, -2.7509], [40.1751, -2.7466]]], [[[40.1810, -2.7829], [40.1836, -2.7827], [40.1835, -2.7856], [40.1810, -2.7829]]], [[[40.1804, -2.7211], [40.1818, -2.7340], [40.1761, -2.7407], [40.1763, -2.7284], [40.1804, -2.7211]]], [[[40.1804, -2.7644], [40.1749, -2.7680], [40.1813, -2.7611], [40.1804, -2.7644]]], [[[40.1807, -2.8111], [40.1796, -2.8119], [40.1798, -2.8102], [40.1807, -2.8111]]], [[[40.1729, -2.7758], [40.1781, -2.7763], [40.1734, -2.7793], [40.1729, -2.7758]]], [[[40.1751, -2.9687], [40.1763, -2.9783], [40.1698, -2.9609], [40.1751, -2.9687]]], [[[40.1711, -2.7881], [40.1741, -2.7912], [40.1742, -2.7974], [40.1711, -2.7881]]], [[[40.1695, -2.7373], [40.1736, -2.7366], [40.1727, -2.7378], [40.1695, -2.7373]]], [[[40.1676, -2.9822], [40.1663, -2.9812], [40.1735, -2.9743], [40.1676, -2.9822]]], [[[40.1721, -2.7822], [40.1731, -2.7851], [40.1698, -2.7865], [40.1721, -2.7822]]], [[[40.1716, -2.7231], [40.1708, -2.7234], [40.1715, -2.7226], [40.1716, -2.7231]]], [[[40.1692, -2.7387], [40.1702, -2.7426], [40.1680, -2.7421], [40.1692, -2.7387]]], [[[40.1709, -2.8689], [40.1701, -2.8822], [40.1700, -2.8851], [40.1668, -2.8759], [40.1709, -2.8689]]], [[[40.1704, -2.7915], [40.1686, -2.7918], [40.1695, -2.7880], [40.1704, -2.7915]]], [[[40.1700, -2.9006], [40.1646, -2.9440], [40.1631, -2.9497], [40.1593, -2.9296], [40.1661, -2.9040], [40.1684, -2.9012], [40.1700, -2.9006]]], [[[40.1686, -2.7311], [40.1676, -2.7330], [40.1672, -2.7326], [40.1686, -2.7311]]], [[[40.1610, -2.7848], [40.1659, -2.7900], [40.1649, -2.7914], [40.1610, -2.7848]]], [[[40.1599, -2.9568], [40.1622, -2.9696], [40.1604, -2.9727], [40.1599, -2.9568]]], [[[39.9814, -3.3674], [39.9792, -3.3625], [39.9863, -3.3605], [39.9814, -3.3674]]], [[[39.9650, -3.3588], [39.9583, -3.3689], [39.9488, -3.3634], [39.9650, -3.3588]]]]}}, {"type": "Feature", "properties": {"county": "Makueni"}, "geometry": {"type": "Polygon", "coordinates": [[[38.1229, -2.3193], [38.2116, -2.3581], [38.2237, -2.4022], [38.2752, -2.4272], [38.2891, -2.4846], [38.3131, -2.5047], [38.3232, -2.5498], [38.3389, -2.5578], [38.3399, -2.5878], [38.4333, -2.7909], [38.4189, -2.8148], [38.4289, -2.8529], [38.5003, -2.9601], [38.5010, -2.9854], [38.4579, -2.9932], [38.4097, -2.9308], [38.3625, -2.9010], [38.2588, -2.7604], [38.1656, -2.6954], [38.1628, -2.6817], [38.1539, -2.7006], [38.1297, -2.7004], [37.9752, -2.7898], [37.9383, -2.7735], [37.9262, -2.7121], [37.9020, -2.7029], [37.8496, -2.6054], [37.5972, -2.3141], [37.6133, -2.2992], [37.6227, -2.3064], [37.6706, -2.2898], [37.6753, -2.2297], [37.7245, -2.1909], [37.6996, -2.1666], [37.5942, -2.1554], [37.5656, -2.1290], [37.5455, -2.1270], [37.5356, -2.1087], [37.4529, -2.0758], [37.3819, -2.0240], [37.2812, -1.9963], [37.2666, -1.9605], [37.2361, -1.9370], [37.1878, -1.9356], [37.1540, -1.8881], [37.1631, -1.8586], [37.1426, -1.8397], [37.1525, -1.7956], [37.1611, -1.7826], [37.2112, -1.7767], [37.1975, -1.7253], [37.2449, -1.7376], [37.2803, -1.7696], [37.3020, -1.7549], [37.2877, -1.7202], [37.3134, -1.7031], [37.3188, -1.7125], [37.3744, -1.7071], [37.4134, -1.6905], [37.3648, -1.5925], [37.3358, -1.5625], [37.3800, -1.5215], [37.4351, -1.5342], [37.4868, -1.5177], [37.5230, -1.5403], [37.5517, -1.5390], [37.5645, -1.5543], [37.5576, -1.5600], [37.5747, -1.5675], [37.5997, -1.5538], [37.6292, -1.5898], [37.6423, -1.5890], [37.6616, -1.6473], [37.6836, -1.6258], [37.6848, -1.5909], [37.7029, -1.5875], [37.7199, -1.6111], [37.7358, -1.5952], [37.7319, -1.5830], [37.7545, -1.5688], [37.8219, -1.6675], [37.8208, -1.6827], [37.8389, -1.6929], [37.8360, -1.7121], [37.8569, -1.7563], [37.8391, -1.7830], [37.8943, -1.8419], [37.8854, -1.8533], [37.9034, -1.8665], [37.9063, -1.9048], [37.9212, -1.9054], [37.9123, -1.9356], [37.9599, -2.0671], [37.9552, -2.1342], [37.9664, -2.1664], [38.0198, -2.1486], [38.0495, -2.1715], [38.0762, -2.2625], [38.1124, -2.2878], [38.1229, -2.3193]]]}}, {"type": "Feature", "properties": {"county": "Kirinyaga"}, "geometry": {"type": "Polygon", "coordinates": [[[37.2003, -0.4413], [37.3082, -0.1523], [37.4258, -0.4241], [37.4280, -0.5121], [37.4469, -0.5318], [37.4511, -0.5495], [37.4749, -0.5603], [37.4860, -0.5844], [37.4770, -0.6017], [37.4875, -0.6124], [37.4876, -0.6251], [37.4814, -0.6279], [37.4728, -0.6554], [37.4792, -0.6720], [37.4748, -0.6817], [37.4791, -0.7158], [37.4903, -0.7214], [37.4962, -0.7336], [37.4746, -0.7268], [37.4644, -0.7370], [37.4454, -0.7339], [37.4225, -0.7508], [37.3887, -0.7561], [37.3723, -0.7672], [37.3597, -0.7643], [37.3590, -0.7728], [37.3494, -0.7752], [37.3268, -0.7679], [37.3159, -0.7508], [37.2773, -0.7562], [37.2666, -0.7866], [37.2566, -0.7582], [37.2612, -0.7520], [37.2711, -0.7544], [37.2584, -0.7274], [37.2516, -0.7258], [37.2572, -0.7225], [37.2497, -0.7082], [37.2445, -0.7082], [37.2382, -0.6693], [37.2262, -0.6749], [37.2154, -0.6917], [37.2021, -0.6653], [37.1796, -0.6691], [37.1694, -0.6402], [37.1759, -0.6337], [37.1790, -0.6026], [37.1691, -0.5932], [37.1606, -0.5941], [37.1447, -0.5706], [37.1542, -0.542], [37.1469, -0.5278], [37.1565, -0.5216], [37.1637, -0.5249], [37.1708, -0.5122], [37.1625, -0.4948], [37.1776, -0.4684], [37.1771, -0.4434], [37.2003, -0.4413]], [[37.2742, -0.4158], [37.2740, -0.4157], [37.2729, -0.4155], [37.2742, -0.4158]]]}}, {"type": "Feature", "properties": {"county": "Muranga"}, "geometry": {"type": "MultiPolygon", "coordinates": [[[[37.1447, -1.0503], [37.1246, -1.0543], [37.1077, -1.0364], [37.0679, -1.0227], [37.0605, -1.0337], [37.0336, -1.0295], [37.0241, -1.0132], [36.9169, -0.9320], [36.9087, -0.9152], [36.8937, -0.9125], [36.8890, -0.8977], [36.8324, -0.8748], [36.7725, -0.8332], [36.7520, -0.8337], [36.7269, -0.8115], [36.7209, -0.7805], [36.7375, -0.7804], [36.7219, -0.7638], [36.7100, -0.7025], [36.6726, -0.6615], [36.6805, -0.5893], [36.7083, -0.6280], [36.7090, -0.5872], [36.7364, -0.5669], [36.8037, -0.5696], [36.8116, -0.5818], [36.8852, -0.6119], [36.9159, -0.6104], [36.9882, -0.5764], [36.9967, -0.5864], [37.0496, -0.5967], [37.0600, -0.6124], [37.1001, -0.6286], [37.1023, -0.6391], [37.1209, -0.6474], [37.1694, -0.6373], [37.1796, -0.6691], [37.2021, -0.6653], [37.2146, -0.6916], [37.2262, -0.6749], [37.2381, -0.6692], [37.2445, -0.7082], [37.2712, -0.7553], [37.2566, -0.7582], [37.2683, -0.7878], [37.2594, -0.8402], [37.2344, -0.8405], [37.2273, -0.8546], [37.2538, -0.8633], [37.2831, -0.8992], [37.3196, -0.9210], [37.3287, -0.9540], [37.3567, -0.9730], [37.3467, -0.9799], [37.3522, -0.9889], [37.4069, -1.0144], [37.4220, -1.0364], [37.3887, -1.0596], [37.3637, -1.0957], [37.3117, -1.0680], [37.2655, -1.0182], [37.2432, -1.0261], [37.2320, -1.0187], [37.2143, -1.0361], [37.1925, -1.0437], [37.1773, -1.0347], [37.1746, -1.0454], [37.1598, -1.0525], [37.1447, -1.0503]]], [[[37.1447, -1.0503], [37.1447, -1.0505], [37.1447, -1.0505], [37.1447, -1.0503]]]]}}, {"type": "Feature", "properties": {"county": "Nakuru"}, "geometry": {"type": "MultiPolygon", "coordinates": [[[[36.4530, -0.5739], [36.4688, -0.6272], [36.5068, -0.6234], [36.5126, -0.6109], [36.5255, -0.6383], [36.5217, -0.6534], [36.5449, -0.6973], [36.5215, -0.7113], [36.5622, -0.8427], [36.5454, -0.9083], [36.5553, -0.9268], [36.5814, -0.9306], [36.5741, -0.9441], [36.6009, -0.9937], [36.5919, -1.0645], [36.5371, -1.1545], [36.4944, -1.1212], [36.3364, -1.0476], [36.2647, -0.9151], [36.2068, -0.9338], [36.1857, -0.9149], [36.1589, -0.8363], [36.1892, -0.8046], [36.1937, -0.7674], [36.1620, -0.7454], [36.1541, -0.7150], [36.1004, -0.6770], [36.0978, -0.6409], [36.0289, -0.6795], [36.0123, -0.6638], [35.9466, -0.7139], [35.9313, -0.7057], [35.8766, -0.6381], [35.9169, -0.6359], [35.9515, -0.6664], [35.9833, -0.6315], [35.9481, -0.5577], [35.9052, -0.5464], [35.8911, -0.5260], [35.8328, -0.4949], [35.8372, -0.4673], [35.8152, -0.4771], [35.8136, -0.4586], [35.7987, -0.4570], [35.7743, -0.5382], [35.7412, -0.5307], [35.7122, -0.5538], [35.6825, -0.6518], [35.6430, -0.7021], [35.6001, -0.6575], [35.5908, -0.6055], [35.5573, -0.5986], [35.5488, -0.5840], [35.5408, -0.5699], [35.5606, -0.5428], [35.4145, -0.3038], [35.4713, -0.2786], [35.5258, -0.2716], [35.5301, -0.2614], [35.5718, -0.2825], [35.5703, -0.3051], [35.5819, -0.3100], [35.5934, -0.2786], [35.6211, -0.2952], [35.6495, -0.2707], [35.6565, -0.2076], [35.6743, -0.1901], [35.6704, -0.1649], [35.6426, -0.1522], [35.6112, -0.1606], [35.5974, -0.1302], [35.6243, -0.1045], [35.6164, -0.0855], [35.6418, -0.0624], [35.6502, -0.0808], [35.6902, -0.0749], [35.6951, -0.1099], [35.7311, -0.1585], [35.7269, -0.2126], [35.7650, -0.2244], [35.7918, -0.1637], [35.7918, -0.1133], [35.8070, -0.1004], [35.8226, -0.1202], [35.8785, -0.0368], [35.9024, -0.0497], [35.9181, -0.0829], [35.9296, -0.0779], [35.9716, -0.0147], [35.9775, 0.0191], [35.9316, 0.0681], [35.9417, 0.0937], [35.9626, 0.0855], [35.9667, 0.0547], [36.0009, 0.0584], [36.0077, 0.0290], [36.0950, -0.0117], [36.1140, 0.0038], [36.1070, 0.0599], [36.1287, 0.0575], [36.1490, 0.1837], [36.1987, 0.1980], [36.1990, 0.2166], [36.1804, 0.2269], [36.2036, 0.2332], [36.2632, 0.1715], [36.2886, 0.1113], [36.2577, 0.0563], [36.2700, 0.0194], [36.2485, -0.0542], [36.2477, -0.1190], [36.2214, -0.1060], [36.2014, -0.1368], [36.2125, -0.2039], [36.2469, -0.2550], [36.2136, -0.2701], [36.2257, -0.3457], [36.2637, -0.3435], [36.2772, -0.3937], [36.3138, -0.3691], [36.3145, -0.3865], [36.3605, -0.3786], [36.3867, -0.4279], [36.4059, -0.5235], [36.4034, -0.5728], [36.4530, -0.5739]]], [[[35.6419, -0.0622], [35.6430, -0.0622], [35.6419, -0.0622], [35.6419, -0.0622]]]]}}, {"type": "Feature", "properties": {"county": "Uasin Gishu"}, "geometry": {"type": "Polygon", "coordinates": [[[35.1542, 0.6584], [35.1562, 0.7387], [35.1447, 0.7380], [35.1457, 0.8257], [35.1293, 0.8282], [35.1253, 0.8167], [35.1166, 0.8508], [35.1141, 0.8907], [35.1299, 0.9190], [35.2233, 0.9181], [35.2532, 0.9398], [35.2941, 0.9132], [35.3064, 0.8894], [35.3303, 0.9319], [35.3494, 0.9197], [35.3597, 0.9432], [35.3782, 0.9347], [35.3865, 0.9432], [35.4213, 0.9369], [35.4158, 0.9067], [35.4694, 0.8996], [35.4567, 0.8751], [35.4893, 0.8752], [35.4938, 0.8516], [35.4817, 0.8207], [35.4999, 0.8182], [35.5006, 0.7549], [35.4916, 0.7477], [35.5046, 0.7025], [35.4102, 0.7019], [35.4817, 0.5875], [35.4642, 0.5044], [35.4618, 0.4386], [35.4823, 0.3880], [35.4698, 0.3666], [35.4978, 0.3343], [35.5003, 0.2760], [35.4861, 0.2482], [35.5056, 0.2228], [35.5410, 0.2234], [35.5137, 0.1859], [35.5555, 0.1877], [35.5689, 0.1967], [35.5691, 0.1849], [35.5893, 0.1692], [35.5921, 0.1461], [35.5757, 0.0994], [35.5441, 0.1019], [35.5403, 0.0450], [35.5274, 0.0439], [35.5140, 0.0054], [35.4870, 0.0128], [35.4584, 0.0077], [35.4717, 0.0172], [35.4670, 0.0251], [35.4385, 0.0169], [35.4016, 0.1048], [35.3864, 0.0996], [35.3722, 0.1246], [35.3366, 0.1408], [35.3415, 0.1922], [35.3668, 0.1903], [35.3379, 0.2107], [35.3129, 0.2073], [35.3121, 0.2173], [35.2898, 0.2314], [35.1424, 0.4709], [35.1610, 0.5033], [35.1673, 0.5448], [35.1415, 0.5341], [35.1054, 0.5546], [35.1001, 0.5375], [35.0436, 0.5607], [34.8529, 0.5452], [34.8981, 0.5983], [34.8908, 0.6051], [34.9207, 0.5896], [34.9659, 0.6081], [35.0010, 0.6363], [35.0278, 0.6114], [35.0402, 0.6385], [35.0870, 0.6276], [35.1041, 0.6449], [35.1168, 0.6396], [35.1249, 0.6520], [35.1542, 0.6584]]]}}, {"type": "Feature", "properties": {"county": "Nairobi"}, "geometry": {"type": "MultiPolygon", "coordinates": [[[[36.7918, -1.1954], [36.7979, -1.1949], [36.8351, -1.2156], [36.8330, -1.2098], [36.8499, -1.2140], [36.8637, -1.1902], [36.8802, -1.1996], [36.9016, -1.1958], [36.8889, -1.1742], [36.8985, -1.1616], [36.9176, -1.1622], [36.9432, -1.1758], [36.9129, -1.2079], [36.9224, -1.2181], [36.9569, -1.2293], [36.9871, -1.2236], [36.9957, -1.2329], [37.0119, -1.2368], [37.0153, -1.2295], [37.0289, -1.2242], [37.0387, -1.2129], [37.0635, -1.2054], [37.0810, -1.2375], [37.0889, -1.2336], [37.0974, -1.2465], [37.0881, -1.2498], [37.0877, -1.2538], [37.1009, -1.2559], [37.1049, -1.2657], [37.1016, -1.2757], [37.0983, -1.2732], [37.0861, -1.2788], [37.0831, -1.2852], [37.0775, -1.2848], [37.0725, -1.2990], [37.0766, -1.3032], [37.0271, -1.2919], [37.0029, -1.3006], [36.9957, -1.2813], [36.9747, -1.2895], [36.9841, -1.3145], [36.9620, -1.3177], [36.9424, -1.3298], [36.9203, -1.3517], [36.9231, -1.3555], [36.9090, -1.3663], [36.9235, -1.3949], [36.9431, -1.4045], [36.9478, -1.4228], [36.9630, -1.4392], [36.9615, -1.4456], [36.9564, -1.4374], [36.9311, -1.4320], [36.8910, -1.4142], [36.8957, -1.4120], [36.8858, -1.4073], [36.8712, -1.4077], [36.8701, -1.4038], [36.8500, -1.3964], [36.8440, -1.3865], [36.8290, -1.3876], [36.8200, -1.3813], [36.8066, -1.3893], [36.7940, -1.3854], [36.7688, -1.3891], [36.7424, -1.3824], [36.7032, -1.3524], [36.6966, -1.3529], [36.6956, -1.3536], [36.6948, -1.3537], [36.6943, -1.3537], [36.6941, -1.3537], [36.6941, -1.3537], [36.6799, -1.3297], [36.6766, -1.3312], [36.6645, -1.3201], [36.6709, -1.3064], [36.6756, -1.3078], [36.6817, -1.2994], [36.6903, -1.2819], [36.6887, -1.2755], [36.6973, -1.2691], [36.6945, -1.2606], [36.7013, -1.2628], [36.7033, -1.2586], [36.7209, -1.2646], [36.7294, -1.2343], [36.7473, -1.2372], [36.7577, -1.2191], [36.7793, -1.2272], [36.7905, -1.2091], [36.7855, -1.2032], [36.7918, -1.1954]], [[36.9343, -1.2654], [36.9343, -1.2654], [36.9345, -1.2655], [36.9343, -1.2654]], [[36.8872, -1.2376], [36.8874, -1.2375], [36.8874, -1.2375], [36.8872, -1.2376]], [[36.8617, -1.3160], [36.8617, -1.3160], [36.8617, -1.3160], [36.8617, -1.3160]], [[36.8059, -1.3117], [36.8059, -1.3116], [36.8059, -1.3116], [36.8059, -1.3117]], [[36.7034, -1.2827], [36.7034, -1.2827], [36.7040, -1.2827], [36.7034, -1.2827]]], [[[36.8908, -1.4149], [36.8908, -1.4148], [36.8908, -1.4149], [36.8908, -1.4149]]]]}}, {"type": "Feature", "properties": {"county": "Narok"}, "geometry": {"type": "Polygon", "coordinates": [[[35.0833, -0.9069], [35.2417, -1.0378], [35.3135, -1.0019], [35.3340, -0.9770], [35.3514, -0.9801], [35.3500, -0.9736], [35.3530, -0.9684], [35.3566, -0.9674], [35.3666, -0.9777], [35.3783, -0.9619], [35.4214, -0.9474], [35.4315, -0.8962], [35.4568, -0.8858], [35.4855, -0.8349], [35.5475, -0.7893], [35.4807, -0.7640], [35.4265, -0.7213], [35.3979, -0.6452], [35.5684, -0.5957], [35.5808, -0.6100], [35.5908, -0.6055], [35.6001, -0.6575], [35.6467, -0.7024], [35.6825, -0.6518], [35.7122, -0.5539], [35.7412, -0.5307], [35.7743, -0.5382], [35.8007, -0.4567], [35.8136, -0.4586], [35.8152, -0.4771], [35.8376, -0.4676], [35.8328, -0.4949], [35.8911, -0.5260], [35.9052, -0.5464], [35.9481, -0.5577], [35.9833, -0.6315], [35.9515, -0.6664], [35.9169, -0.6359], [35.8766, -0.6381], [35.9313, -0.7057], [35.9466, -0.7139], [36.0123, -0.6638], [36.0289, -0.6795], [36.0972, -0.6406], [36.1004, -0.6770], [36.1541, -0.7150], [36.1620, -0.7454], [36.1920, -0.7643], [36.1892, -0.8046], [36.1589, -0.8363], [36.1857, -0.9149], [36.2068, -0.9338], [36.2647, -0.9151], [36.3363, -1.0466], [36.3487, -1.1749], [36.0501, -1.4926], [36.0862, -1.5734], [36.0461, -1.6501], [36.0651, -1.6986], [36.0430, -1.7104], [36.0486, -1.7317], [36.0205, -1.7767], [36.0307, -1.7808], [36.0168, -1.8079], [36.0288, -1.8102], [36.0294, -1.8261], [36.0392, -1.8216], [36.0521, -1.8710], [36.0265, -1.8916], [36.0442, -1.9068], [36.0313, -1.9169], [36.0433, -1.9382], [36.0368, -2.0074], [36.0219, -2.0319], [36.0273, -2.0845], [36.0010, -2.0843], [36.0008, -2.1052], [34.7309, -1.3888], [34.6885, -1.2127], [34.6733, -1.2126], [34.6550, -1.1787], [34.6271, -1.1581], [34.6337, -1.1392], [34.6189, -1.0771], [34.5937, -1.0441], [34.5909, -1.0190], [34.6483, -0.9671], [34.6797, -0.9737], [35.0122, -0.8909], [35.0833, -0.9069]]]}}, {"type": "Feature", "properties": {"county": "Trans Nzoia"}, "geometry": {"type": "Polygon", "coordinates": [[[35.0134, 1.2526], [35.0438, 1.2141], [35.0365, 1.2027], [35.0593, 1.1816], [35.0851, 1.1664], [35.0891, 1.1813], [35.1266, 1.1823], [35.1523, 1.1975], [35.2028, 1.1153], [35.2192, 1.1129], [35.2425, 1.0731], [35.3622, 1.0183], [35.3626, 1.0069], [35.3435, 1.0022], [35.3525, 0.9780], [35.3379, 0.9664], [35.3463, 0.9649], [35.3446, 0.9460], [35.3597, 0.9432], [35.3497, 0.9199], [35.3303, 0.9319], [35.3064, 0.8894], [35.2941, 0.9132], [35.2532, 0.9398], [35.2233, 0.9181], [35.1949, 0.9245], [35.1299, 0.9190], [35.1171, 0.9057], [35.1186, 0.8843], [35.1051, 0.8725], [35.0867, 0.8796], [35.0788, 0.8958], [35.0418, 0.8994], [35.0197, 0.8848], [34.9423, 0.8685], [34.9344, 0.8518], [34.8093, 0.8044], [34.8111, 0.8243], [34.7872, 0.8887], [34.8013, 0.9036], [34.7981, 0.9131], [34.7401, 0.9371], [34.6516, 1.0535], [34.6625, 1.0807], [34.6172, 1.1018], [34.5801, 1.1472], [34.6493, 1.1761], [34.6696, 1.2048], [34.7946, 1.2190], [34.8198, 1.2590], [34.9074, 1.2808], [34.9059, 1.2493], [34.9700, 1.2456], [34.9944, 1.2561], [35.0134, 1.2526]]]}}, {"type": "Feature", "properties": {"county": "Kiambu"}, "geometry": {"type": "Polygon", "coordinates": [[[36.6009, -0.9937], [36.5741, -0.9441], [36.5814, -0.9306], [36.5553, -0.9268], [36.5549, -0.9210], [36.5725, -0.9111], [36.5653, -0.9042], [36.5902, -0.8897], [36.6022, -0.8635], [36.5896, -0.8284], [36.6232, -0.8319], [36.6747, -0.7784], [36.6464, -0.7731], [36.6724, -0.7596], [36.6871, -0.7631], [36.7516, -0.8335], [36.7725, -0.8332], [36.8324, -0.8748], [36.8890, -0.8977], [36.8937, -0.9125], [36.9087, -0.9152], [36.9169, -0.9320], [36.9561, -0.9566], [36.9650, -0.9736], [36.9820, -0.9793], [37.0381, -1.0319], [37.0605, -1.0337], [37.0648, -1.0300], [37.0654, -1.0268], [37.0669, -1.0239], [37.0681, -1.0227], [37.1077, -1.0364], [37.1246, -1.0543], [37.1328, -1.0491], [37.1372, -1.0512], [37.1436, -1.0498], [37.1470, -1.0505], [37.1554, -1.0542], [37.1746, -1.0454], [37.1773, -1.0347], [37.1930, -1.0437], [37.2320, -1.0187], [37.2432, -1.0261], [37.2655, -1.0182], [37.3117, -1.0680], [37.3637, -1.0957], [37.3436, -1.1191], [37.2990, -1.0734], [37.2829, -1.0677], [37.2622, -1.0676], [37.2499, -1.0805], [37.2126, -1.0809], [37.1762, -1.1163], [37.1877, -1.1385], [37.1835, -1.1657], [37.1562, -1.1964], [37.1556, -1.2219], [37.1212, -1.2352], [37.1097, -1.2603], [37.0877, -1.2538], [37.0974, -1.2465], [37.0889, -1.2336], [37.0810, -1.2375], [37.0635, -1.2054], [37.0387, -1.2129], [37.0119, -1.2368], [36.9871, -1.2236], [36.9695, -1.2296], [36.9318, -1.2227], [36.9129, -1.2079], [36.9432, -1.1758], [36.9021, -1.1607], [36.8889, -1.1742], [36.9016, -1.1958], [36.8802, -1.1996], [36.8637, -1.1902], [36.8499, -1.2140], [36.8330, -1.2098], [36.8351, -1.2156], [36.7901, -1.1948], [36.7793, -1.2272], [36.7577, -1.2191], [36.7473, -1.2372], [36.7294, -1.2343], [36.7209, -1.2646], [36.6945, -1.2606], [36.6973, -1.2691], [36.6666, -1.3154], [36.6602, -1.3034], [36.4918, -1.2704], [36.5136, -1.2421], [36.5454, -1.1270], [36.5706, -1.1029], [36.5919, -1.0645], [36.5888, -1.0404], [36.6009, -0.9937]], [[37.1447, -1.0503], [37.1447, -1.0505], [37.1447, -1.0505], [37.1447, -1.0503]], [[36.9646, -1.1965], [36.9658, -1.1960], [36.9658, -1.1960], [36.9646, -1.1965]], [[36.9461, -1.2011], [36.9465, -1.2012], [36.9465, -1.2012], [36.9461, -1.2011]]]}}, {"type": "Feature", "properties": {"county": "Siaya"}, "geometry": {"type": "MultiPolygon", "coordinates": [[[[34.2466, -0.2367], [34.2213, -0.2361], [34.2177, -0.2465], [34.2067, -0.2398], [34.1973, -0.2221], [34.2032, -0.2143], [34.1844, -0.2114], [34.1980, -0.1924], [34.1940, -0.1873], [34.1705, -0.2000], [34.1572, -0.1957], [34.1459, -0.2072], [34.1312, -0.1845], [34.1170, -0.1866], [34.1200, -0.1711], [34.0911, -0.1467], [34.1130, -0.1367], [34.1200, -0.1173], [34.1324, -0.1287], [34.1537, -0.1176], [34.1142, -0.1105], [34.1430, -0.0941], [34.1463, -0.0828], [34.1331, -0.0717], [34.1435, -0.0557], [34.1125, -0.0751], [34.0989, -0.0634], [34.0782, -0.0701], [34.0975, -0.0884], [34.0881, -0.0833], [34.0736, -0.0963], [34.0846, -0.1063], [34.0713, -0.1090], [34.0700, -0.1157], [34.0595, -0.1009], [34.0719, -0.0887], [34.0671, -0.0726], [34.0340, -0.0817], [34.0312, -0.0679], [34.0370, -0.0793], [34.0398, -0.0753], [34.0419, -0.0635], [34.0379, -0.0489], [34.0281, -0.0411], [34.0096, -0.0465], [34.0089, -0.0308], [34.0295, -0.0212], [34.0427, -0.0024], [34.0741, 0.1007], [34.0725, 0.1177], [34.1002, 0.1336], [34.1030, 0.1227], [34.1116, 0.1322], [34.1131, 0.1734], [34.1060, 0.1845], [34.1175, 0.2397], [34.1404, 0.2557], [34.1605, 0.2983], [34.1751, 0.2934], [34.2043, 0.2587], [34.2057, 0.2838], [34.2368, 0.2897], [34.2511, 0.3107], [34.3726, 0.3058], [34.3952, 0.2864], [34.3893, 0.2723], [34.4016, 0.2597], [34.3978, 0.2309], [34.3839, 0.2263], [34.3924, 0.2051], [34.3849, 0.1777], [34.4042, 0.1846], [34.4288, 0.2104], [34.4470, 0.2137], [34.4507, 0.2030], [34.4360, 0.1993], [34.4262, 0.1834], [34.4419, 0.1633], [34.4252, 0.1490], [34.4346, 0.1430], [34.4678, 0.1551], [34.4823, 0.1487], [34.4835, 0.1361], [34.4565, 0.1280], [34.4793, 0.1131], [34.4745, 0.1004], [34.4946, 0.0988], [34.5039, 0.1129], [34.4980, 0.1208], [34.5090, 0.1149], [34.5135, 0.1255], [34.5262, 0.1225], [34.5458, 0.1361], [34.5555, 0.1263], [34.5445, 0.1116], [34.5589, 0.1061], [34.5617, 0.0442], [34.5533, 0.0407], [34.5447, 0.0078], [34.5338, 0.0022], [34.5421, -0.0059], [34.5300, -0.0220], [34.4682, -0.0406], [34.4131, -0.0796], [34.4418, -0.1750], [34.4157, -0.1750], [34.4089, -0.1966], [34.4015, -0.1838], [34.3809, -0.1874], [34.3734, -0.1954], [34.3655, -0.1910], [34.3474, -0.1934], [34.3422, -0.2011], [34.3419, -0.2164], [34.3518, -0.2211], [34.3442, -0.2223], [34.3675, -0.2368], [34.3845, -0.2333], [34.4037, -0.2802], [34.3901, -0.3076], [34.3761, -0.3089], [34.3455, -0.3424], [34.3488, -0.3505], [34.3264, -0.3607], [34.3228, -0.3749], [34.3128, -0.3738], [34.3176, -0.3891], [34.3070, -0.4032], [34.3010, -0.3957], [34.2899, -0.4026], [34.2830, -0.3971], [34.2813, -0.3833], [34.3035, -0.3731], [34.2939, -0.3504], [34.2740, -0.3497], [34.2746, -0.3318], [34.2568, -0.3277], [34.2655, -0.3239], [34.2668, -0.3171], [34.2589, -0.3162], [34.2680, -0.3051], [34.2490, -0.3038], [34.2487, -0.2850], [34.2604, -0.2814], [34.2704, -0.2630], [34.2466, -0.2367]]], [[[34.3785, -0.1923], [34.3772, -0.1928], [34.3787, -0.1918], [34.3785, -0.1923]]], [[[34.3759, -0.1935], [34.3762, -0.1940], [34.3758, -0.1939], [34.3759, -0.1935]]], [[[34.3714, -0.1947], [34.3717, -0.1955], [34.3712, -0.1952], [34.3714, -0.1947]]], [[[34.2597, -0.3458], [34.2630, -0.3498], [34.2581, -0.3498], [34.2597, -0.3458]]], [[[34.2534, -0.3509], [34.2536, -0.3544], [34.2509, -0.3551], [34.2534, -0.3509]]], [[[34.1472, -0.2271], [34.1512, -0.2343], [34.1447, -0.2444], [34.1370, -0.2303], [34.1472, -0.2271]]], [[[34.1383, -0.2427], [34.1367, -0.2443], [34.1364, -0.2424], [34.1383, -0.2427]]], [[[34.1126, -0.2197], [34.1168, -0.2191], [34.1190, -0.2240], [34.1126, -0.2197]]], [[[34.0974, -0.1213], [34.1034, -0.1282], [34.1021, -0.1366], [34.0911, -0.1266], [34.0974, -0.1213]]], [[[34.0714, -0.1152], [34.0705, -0.1161], [34.0709, -0.1151], [34.0714, -0.1152]]], [[[34.0464, -0.1310], [34.0474, -0.1348], [34.0452, -0.1323], [34.0464, -0.1310]]], [[[34.0058, -0.1227], [34.0270, -0.1342], [34.0436, -0.1262], [34.0299, -0.1427], [33.9851, -0.1378], [33.9849, -0.1306], [34.0058, -0.1227]]], [[[34.0387, -0.0751], [34.0393, -0.0753], [34.0391, -0.0755], [34.0387, -0.0751]]], [[[34.0345, -0.0709], [34.0380, -0.0742], [34.0363, -0.0757], [34.0345, -0.0709]]], [[[34.0308, -0.0680], [34.0280, -0.0690], [34.0308, -0.0676], [34.0308, -0.0680]]]]}}, {"type": "Feature", "properties": {"county": "Kwale"}, "geometry": {"type": "MultiPolygon", "coordinates": [[[[39.3793, -3.8087], [39.3990, -3.8292], [39.4199, -3.8240], [39.4348, -3.8351], [39.5200, -3.9152], [39.5297, -3.9505], [39.5489, -3.9679], [39.5410, -3.9924], [39.5706, -3.9941], [39.5629, -4.0201], [39.5808, -4.0354], [39.5794, -4.0663], [39.5958, -4.0681], [39.5901, -4.1022], [39.6128, -4.0945], [39.6343, -4.1200], [39.6635, -4.1156], [39.6133, -4.2062], [39.5395, -4.4375], [39.5324, -4.4081], [39.5205, -4.4129], [39.5088, -4.4009], [39.5045, -4.4604], [39.5007, -4.4458], [39.4640, -4.5326], [39.4453, -4.5053], [39.4409, -4.5220], [39.4237, -4.5167], [39.4273, -4.5393], [39.4173, -4.5335], [39.4084, -4.5548], [39.3768, -4.5467], [39.3893, -4.5923], [39.3924, -4.5841], [39.3963, -4.5819], [39.4019, -4.6472], [39.3121, -4.6365], [39.3102, -4.6206], [39.3255, -4.6119], [39.3091, -4.6103], [39.3219, -4.5981], [39.3166, -4.5786], [39.3372, -4.5675], [39.3098, -4.5542], [39.3213, -4.5684], [39.2900, -4.5660], [39.2796, -4.5865], [39.2440, -4.5671], [39.2518, -4.5955], [39.2697, -4.6024], [39.2281, -4.6162], [39.2233, -4.6357], [39.2303, -4.6329], [39.2338, -4.6344], [39.2162, -4.6374], [39.2098, -4.6498], [39.2211, -4.6541], [39.2150, -4.6704], [39.2252, -4.6690], [39.2062, -4.6789], [39.2072, -4.6692], [39.1928, -4.6698], [38.4452, -4.1406], [38.9471, -3.9628], [39.0330, -3.7580], [38.9335, -3.6979], [38.9703, -3.6366], [39.0562, -3.6878], [39.0869, -3.5706], [39.3206, -3.5675], [39.3493, -3.6046], [39.3444, -3.6378], [39.3575, -3.6570], [39.3473, -3.7008], [39.3582, -3.7304], [39.3923, -3.7398], [39.3793, -3.8087]]], [[[39.4577, -4.5354], [39.4555, -4.5731], [39.4392, -4.5913], [39.4271, -4.5579], [39.4468, -4.5605], [39.4577, -4.5354]]], [[[39.3634, -4.6555], [39.4002, -4.6580], [39.4054, -4.6689], [39.3604, -4.6659], [39.3634, -4.6555]]], [[[39.2964, -4.5804], [39.3136, -4.5769], [39.3035, -4.5933], [39.2964, -4.5804]]], [[[39.2411, -4.6172], [39.2470, -4.6189], [39.2458, -4.6250], [39.2411, -4.6172]]], [[[39.2407, -4.6262], [39.2366, -4.6304], [39.2382, -4.6251], [39.2407, -4.6262]]], [[[39.2381, -4.6371], [39.2391, -4.6382], [39.2391, -4.6390], [39.2381, -4.6371]]], [[[39.2319, -4.6489], [39.2316, -4.6542], [39.2303, -4.6541], [39.2319, -4.6489]]], [[[39.2308, -4.6378], [39.2335, -4.6412], [39.2291, -4.6415], [39.2308, -4.6378]]], [[[39.2270, -4.6429], [39.2303, -4.6507], [39.2224, -4.6486], [39.2270, -4.6429]]], [[[39.2222, -4.6396], [39.2237, -4.6397], [39.2232, -4.6412], [39.2222, -4.6396]]], [[[39.2163, -4.6469], [39.2218, -4.6452], [39.2217, -4.6465], [39.2163, -4.6469]]]]}}, {"type": "Feature", "properties": {"county": "Elgeyo-Marakwet"}, "geometry": {"type": "Polygon", "coordinates": [[[35.5003, 0.2760], [35.4963, 0.3418], [35.4698, 0.3666], [35.4823, 0.3880], [35.4618, 0.4386], [35.4642, 0.5044], [35.4817, 0.5875], [35.4102, 0.7019], [35.5046, 0.7025], [35.4916, 0.7477], [35.5006, 0.7549], [35.4999, 0.8182], [35.4817, 0.8207], [35.4938, 0.8516], [35.4894, 0.8749], [35.4567, 0.8751], [35.4694, 0.8996], [35.4158, 0.9067], [35.4213, 0.9369], [35.3856, 0.9433], [35.3782, 0.9347], [35.3446, 0.9460], [35.3463, 0.9649], [35.3379, 0.9664], [35.3526, 0.9788], [35.3435, 1.0022], [35.3626, 1.0069], [35.3622, 1.0183], [35.2425, 1.0731], [35.2192, 1.1129], [35.2028, 1.1153], [35.1523, 1.1975], [35.3268, 1.1173], [35.3596, 1.1332], [35.5445, 1.2839], [35.5799, 1.2892], [35.6073, 1.2763], [35.6323, 1.2982], [35.6975, 1.3171], [35.6961, 1.2813], [35.7080, 1.2670], [35.6973, 1.2014], [35.7104, 1.1470], [35.6997, 1.1023], [35.6771, 1.0832], [35.6724, 1.0427], [35.6432, 1.0226], [35.6337, 0.9917], [35.6404, 0.9794], [35.6302, 0.9502], [35.6376, 0.9152], [35.6264, 0.9065], [35.6226, 0.8849], [35.6257, 0.8520], [35.6443, 0.8383], [35.6371, 0.8336], [35.6436, 0.8191], [35.6208, 0.7353], [35.6371, 0.6985], [35.6270, 0.6763], [35.6058, 0.6715], [35.6103, 0.6434], [35.5965, 0.6104], [35.6147, 0.5777], [35.6028, 0.5319], [35.6139, 0.5078], [35.6318, 0.5006], [35.6324, 0.4818], [35.6489, 0.4588], [35.6608, 0.3849], [35.7234, 0.3488], [35.7088, 0.2575], [35.7234, 0.2105], [35.6924, 0.1843], [35.6964, 0.1752], [35.6735, 0.1679], [35.5893, 0.1682], [35.5691, 0.1849], [35.5689, 0.1967], [35.5555, 0.1877], [35.5137, 0.1859], [35.5410, 0.2234], [35.5056, 0.2228], [35.4861, 0.2482], [35.5003, 0.2760]], [[35.5598, 1.2841], [35.5598, 1.2841], [35.5598, 1.2841], [35.5598, 1.2841]]]}}, {"type": "Feature", "properties": {"county": "Bomet"}, "geometry": {"type": "Polygon", "coordinates": [[[35.3395, -0.4075], [35.4036, -0.4005], [35.4125, -0.4059], [35.4518, -0.3646], [35.5606, -0.5428], [35.5408, -0.5699], [35.5572, -0.5985], [35.3979, -0.6452], [35.4265, -0.7213], [35.4807, -0.7640], [35.5342, -0.7783], [35.5475, -0.7893], [35.5212, -0.8172], [35.4855, -0.8349], [35.4739, -0.8617], [35.4620, -0.8654], [35.4568, -0.8858], [35.4465, -0.8840], [35.4413, -0.8963], [35.4315, -0.8962], [35.4215, -0.9473], [35.3783, -0.9619], [35.3666, -0.9777], [35.3566, -0.9674], [35.3514, -0.9801], [35.3468, -0.9726], [35.3340, -0.9770], [35.3135, -1.0019], [35.2413, -1.0378], [35.0833, -0.9069], [35.0133, -0.8907], [35.0127, -0.8824], [35.0204, -0.8719], [35.0259, -0.8758], [35.0225, -0.8490], [35.0453, -0.8550], [35.0920, -0.8032], [35.0484, -0.7085], [35.0725, -0.6928], [35.0555, -0.6579], [35.0648, -0.6323], [35.0576, -0.6159], [35.0702, -0.6016], [35.0830, -0.5964], [35.0839, -0.6745], [35.1155, -0.6587], [35.1175, -0.6714], [35.1329, -0.6605], [35.1790, -0.6581], [35.1959, -0.6465], [35.2322, -0.6153], [35.2239, -0.5978], [35.1968, -0.5779], [35.2071, -0.5502], [35.1907, -0.5231], [35.1938, -0.5101], [35.1787, -0.5022], [35.1821, -0.4848], [35.2214, -0.4765], [35.2087, -0.4687], [35.2330, -0.4236], [35.2781, -0.4192], [35.3086, -0.4269], [35.3395, -0.4075]]]}}, {"type": "Feature", "properties": {"county": "Kisii"}, "geometry": {"type": "MultiPolygon", "coordinates": [[[[34.6175, -0.8729], [34.6175, -0.8729], [34.6175, -0.8729], [34.6175, -0.8729]]], [[[34.6182, -0.8736], [34.6094, -0.8578], [34.6211, -0.8432], [34.6294, -0.7332], [34.6425, -0.7062], [34.6362, -0.6683], [34.6438, -0.6333], [34.6610, -0.6062], [34.6862, -0.6029], [34.7038, -0.5774], [34.7121, -0.5746], [34.7118, -0.5600], [34.7315, -0.5569], [34.7474, -0.5622], [34.8086, -0.5255], [34.8474, -0.5135], [34.8618, -0.5032], [34.8682, -0.5060], [34.8788, -0.5608], [34.8732, -0.5768], [34.8906, -0.6081], [34.8873, -0.6150], [34.8624, -0.6095], [34.8530, -0.5974], [34.8373, -0.6024], [34.8089, -0.6493], [34.8128, -0.6710], [34.7927, -0.6671], [34.7895, -0.6768], [34.7964, -0.6891], [34.8204, -0.6939], [34.8242, -0.7060], [34.8355, -0.7085], [34.8697, -0.7361], [34.9379, -0.7676], [35.0135, -0.8907], [34.6649, -0.9737], [34.6516, -0.9670], [34.6293, -0.9675], [34.6153, -0.8905], [34.6178, -0.8781], [34.6182, -0.8736]]]]}}, {"type": "Feature", "properties": {"county": "Nandi"}, "geometry": {"type": "Polygon", "coordinates": [[[34.9152, 0.1540], [34.9297, 0.2051], [34.9439, 0.2060], [34.9572, 0.2388], [34.9795, 0.2386], [34.9429, 0.3214], [34.9386, 0.3512], [34.9380, 0.3577], [34.9493, 0.3514], [34.9561, 0.3688], [34.9570, 0.4150], [34.9070, 0.5040], [34.8530, 0.5450], [35.0436, 0.5607], [35.1001, 0.5375], [35.1054, 0.5546], [35.1415, 0.5341], [35.1673, 0.5448], [35.1610, 0.5033], [35.1424, 0.4709], [35.2898, 0.2314], [35.3121, 0.2173], [35.3129, 0.2073], [35.3379, 0.2107], [35.3668, 0.1903], [35.3669, 0.1843], [35.3415, 0.1922], [35.3365, 0.1410], [35.3722, 0.1246], [35.3864, 0.0996], [35.4016, 0.1048], [35.4388, 0.0174], [35.4144, 0.0023], [35.4053, -0.0235], [35.4248, -0.0786], [35.3723, -0.1100], [35.3398, -0.1081], [35.3086, -0.0861], [35.2271, -0.1064], [35.2222, -0.0378], [35.2072, -0.0285], [35.1621, -0.0308], [35.1507, -0.0392], [35.1027, -0.0046], [35.0934, -0.0450], [35.0659, -0.0677], [35.0599, -0.0547], [35.0079, -0.0549], [35.0082, -0.0288], [34.9893, -0.0194], [34.9648, -0.0329], [34.9549, -0.0265], [34.9240, -0.0368], [34.9222, -0.0260], [34.8093, -0.0223], [34.8082, -0.0113], [34.8321, 0.0231], [34.8044, 0.0080], [34.7815, -0.0188], [34.7646, -0.0172], [34.7501, -0.0347], [34.7416, 0.0025], [34.7604, 0.0076], [34.7635, -0.0033], [34.8171, 0.0312], [34.8369, 0.0296], [34.8606, 0.0820], [34.8606, 0.1182], [34.8836, 0.1410], [34.9152, 0.1540]]]}}, {"type": "Feature", "properties": {"county": "Embu"}, "geometry": {"type": "Polygon", "coordinates": [[[37.5533, -0.3629], [37.6318, -0.3927], [37.6609, -0.4247], [37.7276, -0.4551], [37.7854, -0.4506], [37.8015, -0.4408], [37.8670, -0.3855], [37.8735, -0.3529], [37.8871, -0.3456], [37.8974, -0.3735], [37.8906, -0.3967], [37.9011, -0.3992], [37.9093, -0.4168], [37.9232, -0.4184], [37.9262, -0.4306], [37.9375, -0.4303], [37.8827, -0.5377], [37.8835, -0.5849], [37.9231, -0.6265], [37.8938, -0.6488], [37.8953, -0.6832], [37.9047, -0.6875], [37.9001, -0.7103], [37.9116, -0.7101], [37.9169, -0.7307], [37.8921, -0.7702], [37.8942, -0.7823], [37.8857, -0.7848], [37.8853, -0.8074], [37.8350, -0.8162], [37.8297, -0.8079], [37.8055, -0.8056], [37.7892, -0.8249], [37.7590, -0.8253], [37.7442, -0.7812], [37.7077, -0.7836], [37.6824, -0.7983], [37.6811, -0.8228], [37.6652, -0.8490], [37.6306, -0.8416], [37.6273, -0.8550], [37.5894, -0.8663], [37.5874, -0.8812], [37.5610, -0.8773], [37.5461, -0.8852], [37.5331, -0.8982], [37.5339, -0.9148], [37.5194, -0.9190], [37.5161, -0.9049], [37.4965, -0.9053], [37.4777, -0.8938], [37.4750, -0.8767], [37.4144, -0.8625], [37.4135, -0.8511], [37.3815, -0.8584], [37.3646, -0.8455], [37.3284, -0.8443], [37.2885, -0.7849], [37.2687, -0.7878], [37.2773, -0.7562], [37.3159, -0.7508], [37.3268, -0.7679], [37.3494, -0.7752], [37.3597, -0.7643], [37.4225, -0.7508], [37.4454, -0.7339], [37.4644, -0.7370], [37.4746, -0.7268], [37.4972, -0.7324], [37.4791, -0.7158], [37.4748, -0.6817], [37.4731, -0.6509], [37.4889, -0.6173], [37.4770, -0.6017], [37.4860, -0.5844], [37.4749, -0.5603], [37.4511, -0.5495], [37.4469, -0.5318], [37.4280, -0.5121], [37.4258, -0.4241], [37.3087, -0.1525], [37.5533, -0.3629]], [[37.5533, -0.3629], [37.5532, -0.3629], [37.5532, -0.3629], [37.5533, -0.3629]]]}}, {"type": "Feature", "properties": {"county": "Baringo"}, "geometry": {"type": "Polygon", "coordinates": [[[36.2379, 0.4355], [36.2669, 0.3264], [36.2434, 0.3084], [36.2800, 0.2719], [36.2797, 0.2541], [36.3107, 0.2360], [36.2999, 0.2118], [36.3349, 0.1746], [36.3154, 0.1228], [36.2870, 0.1235], [36.2372, 0.2076], [36.2036, 0.2332], [36.1804, 0.2269], [36.1990, 0.2166], [36.1987, 0.1980], [36.1490, 0.1837], [36.1287, 0.0575], [36.1070, 0.0599], [36.1140, 0.0038], [36.0940, -0.0123], [36.0077, 0.0290], [36.0009, 0.0584], [35.9667, 0.0547], [35.9626, 0.0855], [35.9417, 0.0937], [35.9316, 0.0681], [35.9775, 0.0191], [35.9716, -0.0147], [35.9296, -0.0779], [35.9181, -0.0829], [35.9024, -0.0497], [35.8785, -0.0368], [35.8226, -0.1202], [35.8070, -0.1004], [35.7918, -0.1133], [35.7918, -0.1637], [35.7650, -0.2244], [35.7269, -0.2126], [35.7311, -0.1585], [35.6951, -0.1099], [35.6902, -0.0749], [35.6502, -0.0808], [35.6335, -0.0371], [35.5840, -0.0088], [35.5445, -0.0094], [35.5232, 0.0135], [35.5274, 0.0439], [35.5403, 0.0450], [35.5441, 0.1019], [35.5757, 0.0994], [35.5895, 0.1682], [35.6735, 0.1679], [35.6964, 0.1752], [35.6924, 0.1843], [35.7235, 0.2107], [35.7088, 0.2575], [35.7234, 0.3488], [35.6608, 0.3849], [35.6489, 0.4588], [35.6028, 0.5319], [35.6147, 0.5777], [35.5967, 0.6171], [35.6103, 0.6432], [35.6058, 0.6715], [35.6270, 0.6763], [35.6371, 0.6985], [35.6208, 0.7353], [35.6436, 0.8191], [35.6226, 0.8849], [35.6376, 0.9152], [35.6337, 0.9917], [35.6432, 1.0226], [35.6724, 1.0427], [35.6771, 1.0832], [35.6997, 1.1023], [35.7104, 1.1470], [35.6973, 1.2014], [35.7080, 1.2695], [35.6961, 1.2813], [35.7010, 1.3255], [35.6886, 1.3557], [35.7127, 1.3994], [35.7073, 1.4350], [35.7218, 1.4489], [35.7200, 1.4686], [35.7628, 1.5160], [35.7851, 1.5768], [35.7812, 1.6208], [35.7915, 1.6242], [35.7818, 1.6535], [36.0969, 1.1676], [36.1746, 1.1681], [36.3170, 0.9892], [36.3421, 0.9911], [36.3521, 0.9637], [36.3847, 0.9518], [36.3960, 0.9028], [36.4197, 0.8992], [36.4463, 0.8690], [36.4909, 0.8456], [36.4053, 0.7157], [36.3486, 0.6596], [36.2903, 0.6440], [36.2785, 0.6303], [36.2950, 0.5635], [36.2379, 0.4355]]]}}, {"type": "Feature", "properties": {"county": "Laikipia"}, "geometry": {"type": "MultiPolygon", "coordinates": [[[[37.2308, 0.0761], [37.0881, 0.0204], [37.1212, -0.0210], [37.1137, -0.0384], [37.0797, -0.0053], [37.0791, 0.0123], [37.0269, -0.0499], [36.9784, -0.0719], [36.9861, -0.1336], [37.0093, -0.1467], [37.0208, -0.1787], [37.0114, -0.2426], [36.9708, -0.2582], [36.9594, -0.2824], [36.8716, -0.2475], [36.8574, -0.2553], [36.8400, -0.1986], [36.8723, -0.1762], [36.8619, -0.1431], [36.8322, -0.1350], [36.8316, -0.1037], [36.7664, -0.1095], [36.6575, -0.1536], [36.6361, -0.1067], [36.5741, -0.1038], [36.5567, -0.0900], [36.5565, -0.0549], [36.5832, -0.0215], [36.6506, -0.0171], [36.6376, 0.0126], [36.6036, 0.0016], [36.5770, 0.0665], [36.5241, 0.0468], [36.5119, 0.0853], [36.4661, 0.1364], [36.4453, 0.0890], [36.4028, 0.0553], [36.4265, 0.0415], [36.3537, 0.0148], [36.3481, 0.0311], [36.3058, 0.0148], [36.3015, 0.0027], [36.2938, 0.0106], [36.2624, -0.0027], [36.2700, 0.0194], [36.2577, 0.0563], [36.2877, 0.1255], [36.3154, 0.1228], [36.3349, 0.1746], [36.2999, 0.2118], [36.3107, 0.2360], [36.2797, 0.2541], [36.2800, 0.2719], [36.2434, 0.3084], [36.2669, 0.3264], [36.2379, 0.4357], [36.2950, 0.5635], [36.2785, 0.6303], [36.2903, 0.6440], [36.3486, 0.6596], [36.4053, 0.7157], [36.4903, 0.8446], [36.4841, 0.8119], [36.7140, 0.8171], [36.7382, 0.8271], [36.7582, 0.8575], [36.7939, 0.8684], [36.8199, 0.8531], [36.8675, 0.7360], [36.9035, 0.7386], [36.9156, 0.7260], [36.9323, 0.7407], [36.9232, 0.6597], [36.9142, 0.6597], [36.9093, 0.6305], [36.8680, 0.5949], [36.8680, 0.5755], [36.8650, 0.5713], [36.8645, 0.5685], [36.8646, 0.5682], [37.3700, 0.5103], [37.3489, 0.4384], [37.3535, 0.4104], [37.3923, 0.3521], [37.3963, 0.2986], [37.3612, 0.2532], [37.3492, 0.1922], [37.2913, 0.1596], [37.2822, 0.1275], [37.2530, 0.0943], [37.2343, 0.0947], [37.2308, 0.0761]]], [[[37.0147, -0.2323], [37.0147, -0.2323], [37.0147, -0.2323], [37.0147, -0.2323]]]]}}, {"type": "Feature", "properties": {"county": "Kajiado"}, "geometry": {"type": "Polygon", "coordinates": [[[36.8210, -1.3833], [36.8957, -1.4120], [36.8847, -1.4870], [36.9356, -1.4563], [36.9788, -1.4776], [36.9581, -1.5446], [36.9789, -1.5547], [36.9917, -1.5875], [37.1118, -1.7347], [37.1494, -1.7413], [37.1614, -1.7814], [37.1426, -1.8404], [37.1631, -1.8586], [37.1588, -1.8998], [37.1878, -1.9356], [37.2361, -1.9370], [37.2666, -1.9605], [37.2812, -1.9963], [37.3819, -2.0240], [37.4529, -2.0758], [37.5356, -2.1087], [37.5455, -2.1270], [37.5656, -2.1290], [37.5942, -2.1554], [37.6996, -2.1666], [37.7245, -2.1909], [37.6753, -2.2297], [37.6706, -2.2898], [37.6227, -2.3064], [37.6133, -2.2992], [37.5971, -2.3136], [37.8496, -2.6054], [37.9020, -2.7029], [37.9222, -2.7063], [37.9309, -2.7231], [37.9385, -2.7736], [37.9185, -2.8707], [37.8956, -2.8874], [37.8712, -3.0806], [37.8548, -3.0821], [37.8495, -3.1858], [37.8337, -3.1891], [37.8050, -3.1696], [37.6922, -3.1809], [37.6729, -3.0610], [37.5349, -2.9689], [36.0006, -2.1072], [36.0010, -2.0843], [36.0273, -2.0845], [36.0219, -2.0319], [36.0368, -2.0074], [36.0433, -1.9382], [36.0313, -1.9169], [36.0442, -1.9068], [36.0265, -1.8916], [36.0521, -1.8710], [36.0392, -1.8216], [36.0294, -1.8261], [36.0288, -1.8102], [36.0168, -1.8079], [36.0307, -1.7808], [36.0205, -1.7767], [36.0486, -1.7317], [36.0430, -1.7104], [36.0651, -1.6986], [36.0461, -1.6501], [36.0862, -1.5734], [36.0501, -1.4926], [36.3487, -1.1749], [36.3364, -1.0475], [36.4944, -1.1212], [36.5379, -1.1540], [36.5136, -1.2421], [36.4918, -1.2704], [36.6602, -1.3034], [36.6941, -1.3537], [36.7499, -1.3851], [36.8210, -1.3833]]]}}, {"type": "Feature", "properties": {"county": "Kisumu"}, "geometry": {"type": "MultiPolygon", "coordinates": [[[[34.6058, 0.0076], [34.6118, -0.0014], [34.6373, -0.0014], [34.6724, -0.0164], [34.6891, -0.0111], [34.6941, -0.0147], [34.6884, -0.0263], [34.7111, -0.0212], [34.7268, -0.0061], [34.7510, -0.0347], [34.7646, -0.0172], [34.7815, -0.0188], [34.8044, 0.0080], [34.8321, 0.0231], [34.8082, -0.0113], [34.8093, -0.0223], [34.8280, -0.0284], [34.9222, -0.0260], [34.9240, -0.0368], [34.9549, -0.0265], [34.9648, -0.0329], [34.9893, -0.0194], [35.0082, -0.0288], [35.0079, -0.0549], [35.0599, -0.0547], [35.0659, -0.0677], [35.0934, -0.0450], [35.1043, -0.0235], [35.1027, -0.0046], [35.1507, -0.0392], [35.1621, -0.0308], [35.2072, -0.0285], [35.2222, -0.0378], [35.2270, -0.1091], [35.2357, -0.1206], [35.2545, -0.1209], [35.2719, -0.1537], [35.2789, -0.1455], [35.2858, -0.1575], [35.2817, -0.1670], [35.2907, -0.1663], [35.2966, -0.1768], [35.3312, -0.1772], [35.3437, -0.2387], [35.3166, -0.2505], [35.3005, -0.2389], [35.2698, -0.2383], [35.2468, -0.2030], [35.2188, -0.1949], [35.2163, -0.1758], [35.2051, -0.1666], [35.1866, -0.1601], [35.1849, -0.1662], [35.1566, -0.1669], [35.1291, -0.1559], [35.1041, -0.2022], [35.0641, -0.2182], [35.0510, -0.2983], [35.0057, -0.3387], [35.0112, -0.3886], [35.0030, -0.4066], [34.9872, -0.4151], [34.9758, -0.4106], [34.9510, -0.4172], [34.9308, -0.4130], [34.9308, -0.4035], [34.9153, -0.4044], [34.9161, -0.3864], [34.8896, -0.4022], [34.8258, -0.3891], [34.8117, -0.3525], [34.7913, -0.3492], [34.7935, -0.3425], [34.7834, -0.3354], [34.7914, -0.3322], [34.7864, -0.3234], [34.7644, -0.3111], [34.7895, -0.2832], [34.7988, -0.3089], [34.8222, -0.3301], [34.8477, -0.3115], [34.8534, -0.2873], [34.8449, -0.2696], [34.8228, -0.2703], [34.7949, -0.1968], [34.7322, -0.1442], [34.7414, -0.1345], [34.7499, -0.0870], [34.7214, -0.1064], [34.6895, -0.0925], [34.6731, -0.1085], [34.6383, -0.1229], [34.6224, -0.1422], [34.6255, -0.1524], [34.6187, -0.1459], [34.6030, -0.1519], [34.6013, -0.1413], [34.5697, -0.1470], [34.5583, -0.1404], [34.5578, -0.1579], [34.5324, -0.1686], [34.5288, -0.1811], [34.5113, -0.1942], [34.4948, -0.1874], [34.4921, -0.1771], [34.4704, -0.1793], [34.4613, -0.1637], [34.4416, -0.1747], [34.4131, -0.0796], [34.4646, -0.0424], [34.5338, -0.0168], [34.5485, -0.0242], [34.5639, -0.0203], [34.5614, -0.0365], [34.5656, -0.0432], [34.5772, -0.0385], [34.5926, -0.0079], [34.5893, -0.0001], [34.6058, 0.0076]]], [[[34.6018, -0.1614], [34.6173, -0.1599], [34.6050, -0.1700], [34.6018, -0.1614]]], [[[34.4703, -0.1798], [34.4699, -0.1802], [34.4698, -0.1798], [34.4703, -0.1798]]]]}}, {"type": "Feature", "properties": {"county": "Nyamira"}, "geometry": {"type": "Polygon", "coordinates": [[[35.0531, -0.5017], [35.0574, -0.5089], [35.0485, -0.5231], [35.0535, -0.5362], [35.0496, -0.5390], [35.0532, -0.5462], [35.0480, -0.5726], [35.0625, -0.6037], [35.0572, -0.6197], [35.0648, -0.6307], [35.0561, -0.6457], [35.0555, -0.6573], [35.0725, -0.6928], [35.0484, -0.7085], [35.0920, -0.8032], [35.0453, -0.8550], [35.0321, -0.8470], [35.0225, -0.8490], [35.0261, -0.8750], [35.0193, -0.8727], [35.0135, -0.8901], [34.9379, -0.7676], [34.9123, -0.7599], [34.8961, -0.7454], [34.8697, -0.7361], [34.8355, -0.7085], [34.8242, -0.7060], [34.8204, -0.6939], [34.8094, -0.6883], [34.7964, -0.6891], [34.7889, -0.6745], [34.7987, -0.6659], [34.8128, -0.6710], [34.8089, -0.6493], [34.8373, -0.6024], [34.8530, -0.5974], [34.8624, -0.6095], [34.8753, -0.6084], [34.8873, -0.6150], [34.8906, -0.6032], [34.8789, -0.5932], [34.8818, -0.5886], [34.8732, -0.5768], [34.8788, -0.5608], [34.8700, -0.5075], [34.8618, -0.5032], [34.8805, -0.4896], [34.9073, -0.4826], [34.9402, -0.4662], [34.9671, -0.4435], [35.0005, -0.4300], [35.0205, -0.4134], [35.0342, -0.4221], [35.0459, -0.4473], [35.0416, -0.4804], [35.0341, -0.4860], [35.0337, -0.4994], [35.0531, -0.5017]]]}}]}